epidday,Date,PCR_Total,Rapid_total,Rapid_positive,pcr_positive,test_total,positive_total,hospitalised,intensive_cases,deaths,14days_cases,14_days_deaths,incidence,case_fatality_ratio,vaccinated,admited_all,admited_vacc,addmitet_non_vax,death_vaccinated,death_non_vax
1,08.3.2020,,,,,,4,,,0,,,,,,,,,,
2,09.3.2020,,,,,,0,,,0,,,,,,,,,,
3,10.3.2020,,,,,,2,,,0,,,,,,,,,,
4,11.3.2020,,,,,,1,,,1,,,,,,,,,,
5,12.3.2020,,,,,,16,,,0,,,,,,,,,,
6,13.3.2020,,,,,,8,,,0,,,,,,,,,,
7,14.3.2020,,,,,,10,,,1,,,,,,,,,,
8,15.3.2020,,,,,,11,,,0,,,,,,,,,,
9,16.3.2020,,,,,,11,,,0,,,,,,,,,,
10,17.3.2020,,,,,,18,,,0,,,,,,,,,,
11,18.3.2020,,,,,,11,,,0,,,,,,,,,,
12,19.3.2020,,,,,,15,,,1,,,,,,,,,,
13,20.3.2020,,,,,,20,,,0,,,,,,,,,,
14,21.3.2020,,,,,,36,,,0,163,3,"2,3448237369","0,0431562651",,,,,,
15,22.3.2020,,,,,,22,,,0,181,3,"2,6037613274","0,0431562651",,,,,,
16,23.3.2020,,,,,,16,,,0,197,3,"2,8339280746","0,0431562651",,,,,,
17,24.3.2020,,,,,,17,,,0,212,3,"3,0497094001","0,0431562651",,,,,,
18,25.3.2020,,,,,,24,,,0,235,2,"3,3805740992","0,0287708434",,,,,,
19,26.3.2020,,,,,,22,,,0,241,2,"3,4668866294","0,0287708434",,,,,,
20,27.3.2020,,,,,,29,99,,0,262,2,"3,768980485","0,0287708434",,,,,,
21,28.3.2020,,,,,,38,122,8,4,290,5,"4,1717722926","0,0719271085",,,,,,
22,29.3.2020,,,,,,15,125,13,1,294,6,"4,2293139794","0,0863125302",,,,,,
23,30.3.2020,,,,,,13,113,13,0,296,6,"4,2580848228","0,0863125302",,,,,,
24,31.3.2020,,,,,,40,146,14,0,318,6,"4,5745641001","0,0863125302",,,,,,
25,01.4.2020,,,,,,23,207,18,2,330,8,"4,7471891605","0,1150833736",,,,,,
26,02.4.2020,,,,,,35,179,18,0,350,7,"5,0348975945","0,1006979519",,,,,,
27,03.4.2020,,,,,,28,173,21,4,358,11,"5,1499809681","0,1582396387",,,,,,
28,04.4.2020,,,,,,18,192,26,4,340,15,"4,8910433775","0,2157813255",,,,,,
29,05.4.2020,,,,,,28,210,22,2,346,17,"4,9773559077","0,2445521689",,,,,,
30,06.4.2020,,,,,,18,201,26,2,348,19,"5,0061267511","0,2733230123",,,,,,
31,07.4.2020,,,,,,16,201,26,1,347,20,"4,9917413294","0,287708434",,,,,,
32,08.4.2020,,,,,,28,233,27,1,351,21,"5,0492830162","0,3020938557",,,,,,
33,09.4.2020,,,,,,25,,32,0,354,21,"5,0924392813","0,3020938557",,,,,,
34,10.4.2020,,,,,,17,231,,2,342,23,"4,9198142209","0,3308646991",,,,,,
35,11.4.2020,,,,,,26,,35,3,330,22,"4,7471891605","0,3164792774",,,,,,
36,12.4.2020,,,,,,14,,36,1,329,22,"4,7328037388","0,3164792774",,,,,,
37,13.4.2020,,,,,,10,,,3,326,25,"4,6896474737","0,3596355425",,,,,,
38,14.4.2020,,,,,,28,,29,2,314,27,"4,5170224134","0,3884063859",,,,,,
39,15.4.2020,,,,,,34,,39,1,325,26,"4,675262052","0,3740209642",,,,,,
40,16.4.2020,,,,,,53,,37,2,343,28,"4,9341996426","0,4027918076",,,,,,
41,17.4.2020,,,,,,46,,,3,361,27,"5,1931372332","0,3884063859",,,,,,
42,18.4.2020,,,,,,32,,35,1,375,24,"5,394533137","0,3452501208",,,,,,
43,19.4.2020,,,,,,16,,,1,363,23,"5,2219080766","0,3308646991",,,,,,
44,20.4.2020,,,,,,35,268,34,0,380,21,"5,4664602455","0,3020938557",,,,,,
45,21.4.2020,,,,,,46,,,2,410,22,"5,8980228964","0,3164792774",,,,,,
46,22.4.2020,,,,,,49,262,37,4,431,25,"6,2001167521","0,3596355425",,,,,,
47,23.4.2020,,,,,,73,270,37,3,479,28,"6,8906169936","0,4027918076",,,,,,
48,24.4.2020,,,,,,91,282,41,2,553,28,"7,9551381993","0,4027918076",,,,,,
49,25.4.2020,,,,,,59,292,37,1,586,26,"8,4298571154","0,3740209642",,,,,,
50,26.4.2020,,,,,,53,301,41,1,625,26,"8,9908885616","0,3740209642",,,,,,
51,27.4.2020,,,,,,63,301,39,2,678,25,"9,7533159116","0,3596355425",,,,,,
52,28.4.2020,,,,,,36,287,39,0,686,23,"9,8683992852","0,3308646991",,,,,,
53,29.4.2020,,,,,,48,310,38,6,700,28,"10,069795189","0,4027918076",,,,,,
54,30.4.2020,,,,,,59,317,40,2,706,28,"10,1561077192","0,4027918076",,,,,,
55,01.5.2020,,,,,,49,317,43,2,709,27,"10,1992639843","0,3884063859",,,,,,
56,02.5.2020,,,,,,39,321,40,4,716,30,"10,2999619362","0,431562651",,,,,,
57,03.5.2020,,,,,,24,316,39,1,724,30,"10,4150453098","0,431562651",,,,,,
58,04.5.2020,,,,,,34,316,37,5,723,35,"10,4006598881","0,5034897594",,,,,,
59,05.5.2020,,,,,,52,316,39,2,729,35,"10,4869724183","0,5034897594",,,,,,
60,06.5.2020,,,,,,74,353,38,4,754,35,"10,8466079607","0,5034897594",,,,,,
61,07.5.2020,,,,,,51,355,43,0,732,32,"10,5301286834","0,4603334944",,,,,,
62,08.5.2020,,,,,,43,379,49,2,684,32,"9,8396284418","0,4603334944",,,,,,
63,09.5.2020,,,,,,49,389,56,4,674,35,"9,6957742248","0,5034897594",,,,,,
64,10.5.2020,,,,,,44,385,58,1,665,35,"9,5663054295","0,5034897594",,,,,,
65,11.5.2020,,,,,,25,368,50,2,627,35,"9,019659405","0,5034897594",,,,,,
66,12.5.2020,,,,,,33,365,51,2,624,37,"8,9765031399","0,5322606028",,,,,,
67,13.5.2020,,,,,,46,365,51,1,622,32,"8,9477322965","0,4603334944",,,,,,
68,14.5.2020,,,,,,31,365,51,3,594,33,"8,5449404889","0,4747189161",,,,,,
69,15.5.2020,,,,,,38,321,49,3,583,34,"8,3867008503","0,4891043378",,,,,,
70,16.5.2020,,,,,,37,322,45,3,581,33,"8,3579300069","0,4747189161",,,,,,
71,17.5.2020,,,,,,36,323,46,3,593,35,"8,5305550673","0,5034897594",,,,,,
72,18.5.2020,,,,,,24,329,43,2,583,32,"8,3867008503","0,4603334944",,,,,,
73,19.5.2020,,,,,,24,299,36,2,555,32,"7,9839090427","0,4603334944",,,,,,
74,20.5.2020,,,,,,33,285,33,4,514,32,"7,3941067531","0,4603334944",,,,,,
75,21.5.2020,,,,,,39,287,31,4,502,36,"7,2214816927","0,5178751811",,,,,,
76,22.5.2020,,,,,,41,258,29,5,500,39,"7,1927108493","0,5610314462",,,,,,
77,23.5.2020,,,,,,36,258,29,1,487,36,"7,0057003672","0,5178751811",,,,,,
78,24.5.2020,,,,,,19,,,4,462,39,"6,6460648247","0,5610314462",,,,,,
79,25.5.2020,,,,,,6,235,20,0,443,37,"6,3727418125","0,5322606028",,,,,,
80,26.5.2020,,,,,,10,,,0,420,35,"6,0418771134","0,5034897594",,,,,,
81,27.5.2020,1557,,,,1557,17,217,22,3,391,37,"5,6246998841","0,5322606028",,,,,,
82,28.5.2020,1273,,,,1273,17,198,20,1,377,35,"5,4233039804","0,5034897594",,,,,,
83,29.5.2020,1725,,,,1725,8,,,2,347,34,"4,9917413294","0,4891043378",,,,,,
84,30.5.2020,1353,,,,1353,14,,,3,324,34,"4,6608766303","0,4891043378",,,,,,
85,31.5.2020,606,,,,606,14,161,17,1,302,32,"4,344397353","0,4603334944",,,,,,
86,01.6.2020,1553,,,,1553,6,,,0,284,30,"4,0854597624","0,431562651",,,,,,
87,02.6.2020,1220,,,,1220,19,,,4,279,32,"4,0135326539","0,4603334944",,,,,,
88,03.6.2020,1347,,,,1347,22,132,9,2,268,30,"3,8552930152","0,431562651",,,,,,
89,04.6.2020,1174,,,,1174,25,141,8,1,254,27,"3,6538971114","0,3884063859",,,,,,
90,05.6.2020,1131,,,,1131,42,149,8,13,255,35,"3,6682825331","0,5034897594",,,,,,
91,06.6.2020,1196,,,,1196,41,147,12,0,260,34,"3,7402096416","0,4891043378",,,,,,
92,07.6.2020,816,,,,816,43,155,12,0,284,30,"4,0854597624","0,431562651",,,,,,
93,08.6.2020,427,,,,427,16,158,12,0,294,30,"4,2293139794","0,431562651",,,,,,
94,09.6.2020,1406,,,,1406,83,152,13,4,367,34,"5,2794497634","0,4891043378",,,,,,
95,10.6.2020,1777,,,,1777,79,161,15,3,429,34,"6,1713459087","0,4891043378",,,,,,
96,11.6.2020,2308,,,,2308,104,187,17,0,516,33,"7,4228775965","0,4747189161",,,,,,
97,12.6.2020,2640,,,,2640,93,204,15,1,601,32,"8,6456384408","0,4603334944",,,,,,
98,13.6.2020,2642,,,,2642,105,215,15,4,692,33,"9,9547118154","0,4747189161",,,,,,
99,14.6.2020,1975,,,,1975,75,247,16,0,753,32,"10,832222539","0,4603334944",,,,,,
100,15.6.2020,1409,,,,1409,24,244,15,2,771,34,"11,0911601296","0,4891043378",,,,,,
101,16.6.2020,1794,,,,1794,50,253,14,2,802,32,"11,5371082023","0,4603334944",,,,,,
102,17.6.2020,2045,,,,2045,113,267,13,5,893,35,"12,8461815768","0,5034897594",,,,,,
103,18.6.2020,2054,,,,2054,89,276,12,3,957,37,"13,7668485655","0,5322606028",,,,,,
104,19.6.2020,2104,,,,2104,132,289,13,6,1047,30,"15,0615365184","0,431562651",,,,,,
105,20.6.2020,2371,,,,2371,81,314,17,3,1087,33,"15,6369533863","0,4747189161",,,,,,
106,21.6.2020,1360,,,,1360,117,322,13,6,1161,39,"16,701474592","0,5610314462",,,,,,
107,22.6.2020,566,,,,566,33,322,13,0,1178,39,"16,9460267609","0,5610314462",,,,,,
108,23.6.2020,2776,,,,2776,79,341,11,8,1174,43,"16,8884850741","0,618573133",,,,,,
109,24.6.2020,2946,,,,2946,130,362,13,1,1225,41,"17,6221415807","0,5898022896",,,,,,
110,25.6.2020,3016,,,,3016,128,390,16,1,1249,42,"17,9673917015","0,6041877113",,,,,,
111,26.6.2020,2775,,,,2775,166,384,16,2,1322,43,"19,0175274855","0,618573133",,,,,,
112,27.6.2020,2750,,,,2750,105,392,18,4,1322,43,"19,0175274855","0,618573133",,,,,,
113,28.6.2020,1528,,,,1528,112,423,20,1,1359,44,"19,5497880884","0,6329585547",,,,,,
114,29.6.2020,1034,,,,1034,66,423,25,3,1401,45,"20,1539757997","0,6473439764",,,,,,
115,30.6.2020,4525,,,,4525,140,434,31,4,1491,47,"21,4486637526","0,6761148198",,,,,,
116,01.7.2020,3343,,,,3343,158,435,32,7,1536,49,"22,096007729","0,7048856632",,,,,,
117,02.7.2020,2896,,,,2896,165,446,32,2,1612,48,"23,1892997781","0,6905002415",,,,,,
118,03.7.2020,3155,,,,3155,161,443,31,0,1641,42,"23,6064770073","0,6041877113",,,,,,
119,04.7.2020,2538,,,,2538,182,450,29,7,1742,46,"25,0594045989","0,6617293981",,,,,,
120,05.7.2020,2591,,,,2591,180,463,29,2,1805,42,"25,9656861659","0,6041877113",,,,,,
121,06.7.2020,923,,,,923,63,458,28,5,1835,47,"26,3972488169","0,6761148198",,,,,,
122,07.7.2020,2775,,,,2775,174,470,29,4,1930,43,"27,7638638782","0,618573133",,,,,,
123,08.7.2020,3467,,,,3467,188,483,32,4,1988,46,"28,5982183368","0,6617293981",,,,,,
124,09.7.2020,4286,,,,4286,240,498,29,5,2100,50,"30,209385567","0,7192710849",,,,,,
125,10.7.2020,3686,,,,3686,330,525,28,3,2264,51,"32,5685947256","0,7336565066",,,,,,
126,11.7.2020,4540,,,,4540,292,516,32,5,2451,52,"35,2586685832","0,7480419283",,,,,,
127,12.7.2020,2806,,,,2806,211,532,33,0,2550,51,"36,6828253313","0,7336565066",,,,,,
128,13.7.2020,1198,,,,1198,77,535,33,1,2561,49,"36,84106497","0,7048856632",,,,,,
129,14.7.2020,3341,,,,3341,159,529,29,8,2580,53,"37,1143879823","0,76242735",,,,,,
130,15.7.2020,4885,,,,4885,234,551,27,7,2656,53,"38,2076800314","0,76242735",,,,,,
131,16.7.2020,5393,,,,5393,232,575,28,6,2723,57,"39,1715032852","0,8199690368",,,,,,
132,17.7.2020,6526,,,,6526,267,582,28,4,2829,61,"40,6963579852","0,8775107236",,,,,,
133,18.7.2020,4884,,,,4884,298,606,33,4,2945,58,"42,3650669023","0,8343544585",,,,,,
134,19.7.2020,2003,,,,2003,196,605,34,2,2961,58,"42,5952336495","0,8343544585",,,,,,
135,20.7.2020,3155,,,,3155,95,610,34,1,2993,54,"43,0555671438","0,7768127717",,,,,,
136,21.7.2020,3686,,,,3686,196,624,34,8,3015,58,"43,3720464212","0,8343544585",,,,,,
137,22.7.2020,5365,,,,5365,325,622,31,5,3152,59,"45,3428491939","0,8487398802",,,,,,
138,23.7.2020,6183,,,,6183,330,642,24,8,3242,62,"46,6375371468","0,8918961453",,,,,,
139,24.7.2020,5913,,,,5913,269,665,27,8,3181,67,"45,7600264231","0,9638232538",,,,,,
140,25.7.2020,5963,,,,5963,270,669,28,8,3159,70,"45,4435471458","1,0069795189",,,,,,
141,26.7.2020,2161,,,,2161,189,694,33,1,3137,71,"45,1270678684","1,0213649406",,,,,,
142,27.7.2020,3502,,,,3502,115,682,34,2,3175,72,"45,673713893","1,0357503623",,,,,,
143,28.7.2020,3832,,,,3832,194,686,39,7,3210,71,"46,1772036524","1,0213649406",,,,,,
144,29.7.2020,5303,,,,5303,250,699,40,8,3226,72,"46,4073703996","1,0357503623",,,,,,
145,30.7.2020,6395,,,,6395,284,722,37,13,3278,79,"47,1554123279","1,1364483142",,,,,,
146,31.7.2020,6639,,,,6639,265,751,34,6,3276,81,"47,1266414845","1,1652191576",,,,,,
147,01.8.2020,5582,,,,5582,270,778,42,9,3248,86,"46,7238496769","1,2371462661",,,,,,
148,02.8.2020,3955,,,,3955,146,793,43,2,3198,86,"46,004578592","1,2371462661",,,,,,
149,03.8.2020,1491,,,,1491,119,814,46,3,3222,88,"46,3498287128","1,2659171095",,,,,,
150,04.8.2020,4137,,,,4137,204,823,43,16,3230,96,"46,4649120864","1,3810004831",,,,,,
151,05.8.2020,5325,,,,5325,255,823,43,11,3160,102,"45,4579325675","1,4673130133",,,,,,
152,06.8.2020,5701,,,,5701,303,872,44,9,3133,103,"45,0695261816","1,481698435",,,,,,
153,07.8.2020,6433,,,,6433,297,874,47,11,3161,106,"45,4723179892","1,5248547",,,,,,
154,08.8.2020,5837,,,,5837,195,857,55,7,3086,105,"44,3934113618","1,5104692783",,,,,,
155,09.8.2020,3612,,,,3612,134,848,55,3,3031,107,"43,6022131684","1,5392401217",,,,,,
156,10.8.2020,1275,,,,1275,53,849,54,2,2969,107,"42,710317023","1,5392401217",,,,,,
157,11.8.2020,3667,,,,3667,116,854,54,12,2891,112,"41,5882541306","1,6111672302",,,,,,
158,12.8.2020,5388,,,,5388,210,861,64,12,2851,116,"41,0128372626","1,668708917",,,,,,
159,13.8.2020,5108,,,,5108,171,834,63,11,2738,114,"39,3872846107","1,6399380736",,,,,,
160,14.8.2020,5877,,,,5877,176,824,63,2,2649,110,"38,1069820795","1,5823963868",,,,,,
161,15.8.2020,5934,,,,5934,174,811,58,8,2553,109,"36,7259815964","1,5680109651",,,,,,
162,16.8.2020,2745,,,,2745,90,811,55,3,2497,110,"35,9203979813","1,5823963868",,,,,,
163,17.8.2020,781,,,,781,32,807,56,3,2410,110,"34,6688662935","1,5823963868",,,,,,
164,18.8.2020,5252,,,,5252,135,768,56,14,2341,108,"33,6762721963","1,5536255434",,,,,,
165,19.8.2020,3667,,,,3667,169,782,61,7,2255,104,"32,4391259303","1,4960838567",,,,,,
166,20.8.2020,8649,,,,8649,151,752,60,8,2103,103,"30,2525418321","1,481698435",,,,,,
167,21.8.2020,6844,,,,6844,142,766,63,5,1948,97,"28,0228014688","1,3953859048",,,,,,
168,22.8.2020,6373,,,,6373,169,734,73,7,1922,97,"27,6487805046","1,3953859048",,,,,,
169,23.8.2020,3402,,,,3402,96,743,74,6,1884,100,"27,1021344801","1,4385421699",,,,,,
170,24.8.2020,2288,,,,2288,60,745,74,0,1891,98,"27,202832432","1,4097713265",,,,,,
171,25.8.2020,3588,,,,3588,99,714,65,18,1874,104,"26,9582802631","1,4960838567",,,,,,
172,26.8.2020,6232,,,,6232,203,715,64,9,1867,101,"26,8575823112","1,4529275916",,,,,,
173,27.8.2020,3844,,,,3844,162,741,60,14,1858,104,"26,7281135159","1,4960838567",,,,,,
174,28.8.2020,7639,,,,7639,157,726,65,8,1839,110,"26,4547905037","1,5823963868",,,,,,
175,29.8.2020,6337,,,,6337,157,712,59,9,1822,111,"26,2102383348","1,5967818085",,,,,,
176,30.8.2020,4787,,,,4787,99,723,61,2,1831,110,"26,3397071301","1,5823963868",,,,,,
177,31.8.2020,1470,,,,1470,26,726,63,8,1825,115,"26,2533945999","1,6543234953",,,,,,
178,01.9.2020,4330,,,,4330,76,727,65,16,1766,117,"25,4046547197","1,6830943387",,,,,,
179,02.9.2020,6784,,,,6784,188,737,62,13,1785,123,"25,6779777319","1,7694068689",,,,,,
180,03.9.2020,5443,,,,5443,163,758,63,6,1797,121,"25,8506027923","1,7406360255",,,,,,
181,04.9.2020,7026,,,,7026,158,764,61,10,1813,126,"26,0807695395","1,812563134",,,,,,
182,05.9.2020,8129,,,,8129,179,763,56,7,1823,126,"26,2246237565","1,812563134",,,,,,
183,06.9.2020,3358,,,,3358,96,755,57,6,1823,126,"26,2246237565","1,812563134",,,,,,
184,07.9.2020,1407,,,,1407,39,766,54,5,1802,131,"25,9225299008","1,8844902425",,,,,,
185,08.9.2020,1220,,,,1220,57,773,53,1,1760,114,"25,3183421895","1,6399380736",,,,,,
186,09.9.2020,3923,,,,3923,167,762,57,15,1724,120,"24,8004670083","1,7262506038",,,,,,
187,10.9.2020,5145,,,,5145,122,753,60,9,1684,115,"24,2250501404","1,6543234953",,,,,,
188,11.9.2020,5090,,,,5090,163,746,55,5,1690,112,"24,3113626706","1,6111672302",,,,,,
189,12.9.2020,4865,,,,4865,201,735,56,7,1734,110,"24,9443212253","1,5823963868",,,,,,
190,13.9.2020,2330,,,,2330,92,736,53,4,1727,112,"24,8436232734","1,6111672302",,,,,,
191,14.9.2020,924,,,,924,27,740,53,3,1728,107,"24,8580086951","1,5392401217",,,,,,
192,15.9.2020,3163,,,,3163,143,730,49,9,1795,100,"25,8218319489","1,4385421699",,,,,,
193,16.9.2020,4312,,,,4312,155,734,46,7,1762,94,"25,3471130329","1,3522296397",,,,,,
194,17.9.2020,4835,,,,4835,174,744,43,3,1773,91,"25,5053526716","1,3090733746",,,,,,
195,18.9.2020,5856,,,,5856,154,744,33,10,1769,91,"25,4478109848","1,3090733746",,,,,,
196,19.9.2020,6042,,,,6042,189,728,34,4,1779,88,"25,5916652018","1,2659171095",,,,,,
197,20.9.2020,2915,,,,2915,86,723,37,2,1769,84,"25,4478109848","1,2083754227",,,,,,
198,21.9.2020,1249,,,,1249,44,718,35,6,1774,85,"25,5197380933","1,2227608444",,,,,,
199,22.9.2020,2988,,,,2988,151,714,33,4,1868,88,"26,8719677329","1,2659171095",,,,,,
200,23.9.2020,3049,,,,3049,109,716,31,2,1810,75,"26,0376132744","1,0789066274",,,,,,
201,24.9.2020,3526,,,,3526,160,726,29,12,1848,78,"26,584259299","1,1220628925",,,,,,
202,25.9.2020,4859,,,,4859,290,744,30,6,1975,79,"28,4112078547","1,1364483142",,,,,,
203,26.9.2020,5047,,,,5047,255,782,36,4,2029,76,"29,1880206264","1,0932920491",,,,,,
204,27.9.2020,2710,,,,2710,169,791,36,0,2106,72,"30,2956980972","1,0357503623",,,,,,
205,28.9.2020,1103,,,,1103,58,794,41,7,2137,76,"30,7416461698","1,0932920491",,,,,,
206,29.9.2020,3302,,,,3302,216,780,42,11,2210,78,"31,7917819538","1,1220628925",,,,,,
207,30.9.2020,4736,,,,4736,276,814,44,6,2331,77,"33,5324179794","1,1076774708",,,,,,
208,01.10.2020,4943,,,,4943,286,837,44,12,2443,86,"35,1435852096","1,2371462661",,,,,,
209,02.10.2020,4843,,,,4843,263,857,47,7,2552,83,"36,7115961747","1,193990001",,,,,,
210,03.10.2020,4820,,,,4820,240,887,50,6,2603,85,"37,4452526814","1,2227608444",,,,,,
211,04.10.2020,2843,,,,2843,182,912,54,3,2699,86,"38,8262531644","1,2371462661",,,,,,
212,05.10.2020,1278,,,,1278,69,917,56,3,2724,83,"39,1858887069","1,193990001",,,,,,
213,06.10.2020,3713,,,,3713,283,930,59,10,2856,89,"41,0847643711","1,2803025312",,,,,,
214,07.10.2020,5431,,,,5431,436,971,57,8,3183,95,"45,7887972665","1,3666150614",,,,,,
215,08.10.2020,4541,,,,4541,437,1033,53,11,3460,94,"49,773559077","1,3522296397",,,,,,
216,09.10.2020,5209,,,,5209,516,1063,56,7,3686,95,"53,0246643809","1,3666150614",,,,,,
217,10.10.2020,6048,,,,6048,612,1131,58,7,4043,98,"58,1602599273","1,4097713265",,,,,,
218,11.10.2020,3795,,,,3795,448,1189,59,4,4322,102,"62,1737925812","1,4673130133",,,,,,
219,12.10.2020,1191,,,,1191,83,1205,62,1,4347,96,"62,5334281237","1,3810004831",,,,,,
220,13.10.2020,4320,,,,4320,587,1221,65,23,4718,108,"67,8704195738","1,5536255434",,,,,,
221,14.10.2020,5819,,,,5819,785,1307,64,8,5227,110,"75,1925992184","1,5823963868",,,,,,
222,15.10.2020,5898,,,,5898,819,1380,67,6,5760,104,"82,8600289837","1,4960838567",,,,,,
223,16.10.2020,6324,,,,6324,914,1426,74,15,6411,112,"92,2249385095","1,6111672302",,,,,,
224,17.10.2020,7442,,,,7442,998,1450,76,14,7169,120,"103,129088157","1,7262506038",,,,,,
225,18.10.2020,4602,,,,4602,603,1484,79,10,7590,127,"109,1853506921","1,8269485557",,,,,,
226,19.10.2020,1581,,,,1581,395,1500,74,18,7916,142,"113,8749981659","2,0427298812",,,,,,
227,20.10.2020,4406,,,,4406,1024,1562,88,22,8657,154,"124,5345956445","2,2153549416",,,,,,
228,21.10.2020,11505,,,,11505,1336,1633,93,11,9557,157,"137,4814751732","2,2585112067",,,,,,
229,22.10.2020,8738,,,,8738,1472,1732,107,29,10592,175,"152,3703866312","2,5174487972",,,,,,
230,23.10.2020,9038,,,,9038,1595,1792,112,16,11671,184,"167,892256644","2,6469175925",,,,,,
231,24.10.2020,9831,,,,9831,1589,1886,127,13,12648,190,"181,9468136435","2,7332301227",,,,,,
232,25.10.2020,7094,,,,7094,1043,1976,138,7,13243,193,"190,5061395541","2,7763863878",,,,,,
233,26.10.2020,2257,,,,2257,327,2036,146,10,13487,202,"194,0161824486","2,9058551831",,,,,,
234,27.10.2020,7659,,,,7659,2243,2130,149,42,15143,221,"217,8384407814","3,1791781954",,,,,,
235,28.10.2020,11226,,,,11226,2569,2217,145,25,16927,238,"243,5020330916","3,4237303643",,,,,,
236,29.10.2020,9946,,,,9946,2760,2316,162,36,18868,268,"271,4241366086","3,8552930152",,,,,,
237,30.10.2020,11376,,,,11376,2689,2376,167,28,20643,281,"296,9582601235","4,0423034973",,,,,,
238,31.10.2020,12634,,,,12634,2891,2447,165,29,22536,296,"324,1898633989","4,2580848228",,,,,,
239,01.11.2020,7259,,,,7259,1803,2612,166,25,23736,311,"341,4523694372","4,4738661483",,,,,,
240,02.11.2020,5457,,,,5457,1225,2680,169,19,24566,312,"353,392269447","4,48825157",,,,,,
241,03.11.2020,7910,,,,7910,2427,2841,180,51,25969,341,"373,5750160901","4,9054287992",,,,,,
242,04.11.2020,11066,,,,11066,4041,2922,210,63,28674,393,"412,4875817847","5,6534707275",,,,,,
243,05.11.2020,13203,,,,13203,4054,3191,239,54,31256,418,"449,6307406104","6,01310627",,,,,,
244,06.11.2020,11131,,,,11131,3754,3424,250,52,33415,454,"480,6888660576","6,5309814511",,,,,,
245,07.11.2020,13849,,,,13849,3839,3563,257,58,35665,499,"513,0560648794","7,1783254276",,,,,,
246,08.11.2020,8702,,,,8702,2301,3715,271,56,36923,548,"531,1529253762","7,8832110908",,,,,,
247,09.11.2020,2151,,,,2151,675,3822,272,33,37271,571,"536,1590521273","8,2140757899",,,,,,
248,10.11.2020,8826,,,,8826,3816,4004,270,106,38844,635,"558,7873204591","9,1347427786",,,,,,
249,11.11.2020,11068,,,,11068,4390,4176,280,80,40665,690,"584,9831733722","9,925940972",,,,,,
250,12.11.2020,10830,,,,10830,3945,4478,276,47,41850,701,"602,029898085","10,0841806107",,,,,,
251,13.11.2020,8885,,,,8885,3414,4768,284,72,42575,745,"612,4593288165","10,7171391654",,,,,,
252,14.11.2020,12413,,,,12413,4212,4949,288,85,43896,801,"631,4624708803","11,5227227806",,,,,,
253,15.11.2020,6450,,,,6450,2498,5166,295,36,44591,812,"641,4603389608","11,6809624192",,,,,,
254,16.11.2020,2716,,,,2716,816,5247,293,39,44182,832,"635,5767014861","11,9686708532",,,,,,
255,17.11.2020,7934,,,,7934,3519,5353,288,152,45274,933,"651,2855819809","13,4215984448",,,,,,
256,18.11.2020,11611,,,,11611,4828,5463,303,131,46061,1001,"662,6069088577","14,3998071203",,,,,,
257,19.11.2020,9949,,,,9949,3938,5629,313,117,45945,1064,"660,9381999407","15,3060886873",,,,,,
258,20.11.2020,10311,,,,10311,3899,5878,344,119,46090,1131,"663,024086087","16,2699119411",,,,,,
259,21.11.2020,9786,,,,9786,3983,5942,383,129,46234,1202,"665,0955868116","17,2912768817",,,,,,
260,22.11.2020,5729,,,,5729,2279,6193,408,42,46212,1188,"664,7791075342","17,0898809779",,,,,,
261,23.11.2020,2787,,,,2787,1123,6350,408,60,46660,1215,"671,2237764552","17,4782873638",,,,,,
262,24.11.2020,7244,,,,7244,3146,6270,399,189,45990,1298,"661,5855439171","18,6722773647",,,,,,
263,25.11.2020,10474,,,,10474,4382,6365,392,157,45982,1375,"661,4704605435","19,7799548355",,,,,,
264,26.11.2020,8820,,,,8820,3712,6548,410,141,45749,1469,"658,1186572878","21,1321844752",,,,,,
265,27.11.2020,9093,,,,9093,3568,6655,430,162,45903,1559,"660,3340122293","22,4268724281",,,,,,
266,28.11.2020,9179,,,,9179,3327,6647,436,151,45018,1625,"647,6029140261","23,3763102602",,,,,,
267,29.11.2020,4928,,,,4928,1792,6830,431,69,44312,1658,"637,4468063069","23,8510291762",,,,,,
268,30.11.2020,1965,,,,1965,739,6869,430,65,44235,1684,"636,3391288361","24,2250501404",,,,,,
269,01.12.2020,6825,,,,6825,2814,6783,457,221,43530,1753,"626,1974065386","25,2176442376",,,,,,
270,02.12.2020,9056,,,,9056,3475,6635,493,153,42177,1775,"606,7339309805","25,534123515",,,,,,
271,03.12.2020,8478,,,,8478,3138,6635,523,159,41377,1817,"595,2255936216","26,1383112263",,,,,,
272,04.12.2020,9082,,,,9082,3280,6766,523,156,40758,1854,"586,3210175902","26,6705718291",,,,,,
273,05.12.2020,9530,,,,9530,3614,6744,504,147,40389,1872,"581,0127969834","26,9295094197",,,,,,
274,06.12.2020,5986,,,,5986,2037,6959,516,79,40147,1909,"577,5315249324","27,4617700226",,,,,,
275,07.12.2020,1424,,,,1424,577,7000,516,68,39601,1917,"569,677084685","27,5768533962",,,,,,
276,08.12.2020,6260,,,,6260,2764,6821,523,213,39219,1941,"564,1818535961","27,9221035169",,,,,,
277,09.12.2020,9715,,,,9715,3980,6839,514,146,38817,1930,"558,3989140733","27,7638638782",,,,,,
278,10.12.2020,8578,,,,8578,3328,6998,544,127,38433,1916,"552,874912141","27,5624679745",,,,,,
279,11.12.2020,8470,,,,8470,3075,7084,542,122,37940,1876,"545,7828992436","26,9870511065",,,,,,
280,12.12.2020,8587,,,,8587,3097,7151,588,157,37710,1882,"542,474252253","27,0733636367",,,,,,
281,13.12.2020,4407,,,,4407,1287,7224,595,64,37205,1877,"535,2096142952","27,0014365282",,,,,,
282,14.12.2020,1634,,,,1634,497,7244,590,62,36963,1874,"531,7283422441","26,9582802631",,,,,,
283,15.12.2020,5298,,,,5298,2095,7045,580,150,36244,1803,"521,3852240429","25,9369153225",,,,,,
284,16.12.2020,7737,,,,7737,2743,6997,582,167,35512,1817,"510,8550953595","26,1383112263",,,,,,
285,17.12.2020,6113,,,,6113,1959,7034,570,191,34333,1849,"493,8946831769","26,5986447207",,,,,,
286,18.12.2020,6825,,,,6825,2042,6900,567,143,33095,1836,"476,0855311141","26,4116342386",,,,,,
287,19.12.2020,6190,,,,6190,1739,6535,536,157,31220,1846,"449,1128654293","26,5554884556",,,,,,
288,20.12.2020,4213,,,,4213,1002,6640,542,55,30185,1822,"434,2239539713","26,2102383348",,,,,,
289,21.12.2020,790,,,,790,166,6624,536,58,29774,1812,"428,3115456531","26,0663841178",,,,,,
290,22.12.2020,4304,,,,4304,1277,6287,523,156,28287,1755,"406,9204235874","25,246415081",,,,,,
291,23.12.2020,6233,,,,6233,1799,6123,526,114,26106,1723,"375,5458188628","24,7860815866",,,,,,
292,24.12.2020,5242,1703,243,1372,6945,1615,5713,533,99,24393,1695,"350,9035914932","24,3832897791",,,,,,
293,25.12.2020,2407,1262,145,627,3669,772,5671,521,45,22090,1618,"317,7739653214","23,2756123083",,,,,,
294,26.12.2020,1060,1012,104,153,2072,257,5580,512,50,19250,1511,"276,9193676974","21,7363721865",,,,,,
295,27.12.2020,1759,1214,153,316,2973,469,5545,523,50,18432,1497,"265,152092748","21,5349762828",,,,,,
296,28.12.2020,1906,904,141,191,2810,332,5571,523,41,18267,1476,"262,7784981677","21,2328824271",,,,,,
297,29.12.2020,1012,1357,148,189,2369,337,5511,504,87,16509,1413,"237,4889268216","20,3266008601",,,,,,
298,30.12.2020,3703,4381,636,802,8084,1438,5023,474,154,15204,1400,"218,715951505","20,139590378",,,,,,
299,31.12.2020,4605,3870,631,1098,8475,1729,4831,467,110,14974,1319,"215,4073045143","18,9743712204",,,,,,
300,01.1.2021,3591,2148,302,744,5739,1046,4756,464,61,13978,1237,"202,0950335341","17,8846441896",,,,,,
301,02.1.2021,1831,616,114,160,2447,274,4747,462,28,12513,1108,"180,9139472465","16,0195519499",,,,,,
302,03.1.2021,1867,718,159,181,2585,340,4786,458,40,11851,1093,"171,3426986988","15,8026807592",,,,,,
303,04.1.2021,1816,844,99,72,2660,171,4689,453,34,11856,1069,"171,4149890957","15,4556868542",,,,,,
304,05.1.2021,5435,5339,504,525,10774,1029,4405,411,157,11608,1070,"167,8293854102","15,4701449336",,,,,,
305,06.1.2021,7290,4166,387,923,11456,1310,4286,393,67,11119,1023,"160,7593845947","14,7906152028",,,,,,
306,07.1.2021,5541,4547,343,659,10088,1002,4262,379,59,10506,983,"151,8965819365","14,2122920278",,,,,,
307,08.1.2021,6079,3832,284,583,9911,867,4250,377,56,10601,994,"153,2700994774","14,3713309009",,,,,,
308,09.1.2021,6481,3390,281,472,9871,753,4186,380,61,11097,1005,"160,4413068484","14,5303697741",,,,,,
309,10.1.2021,4658,1252,118,276,5910,394,4190,380,19,11022,974,"159,3569508952","14,0821693134",,,,,,
310,11.1.2021,956,673,63,42,1629,105,4205,380,29,10795,962,"156,0749668765","13,9086723608",,,,,,
311,12.1.2021,3491,4313,298,322,7804,620,4046,375,106,11078,981,"160,1666033403","14,183375869",,,,,,
312,13.1.2021,5385,4262,254,496,9647,750,3945,367,47,10390,874,"150,2194447288","12,6363613756",,,,,,
313,14.1.2021,4153,3417,194,341,7570,535,3681,348,70,9196,834,"132,9564979524","12,0580382006",,,,,,
314,15.1.2021,3937,3502,212,323,7439,535,3631,343,47,8685,820,"125,5684193907","11,8556250893",,,,,,
315,16.1.2021,5735,3115,216,336,8850,552,3500,343,61,8963,853,"129,5877654576","12,3327417087",,,,,,
316,17.1.2021,3321,1307,83,150,4628,233,3485,340,17,8856,830,"128,0407509642","12,0002058831",,,,,,
317,18.1.2021,765,429,42,35,1194,77,3485,341,9,8762,805,"126,6816915028","11,6387538986",,,,,,
318,19.1.2021,3001,4963,273,297,7964,570,3312,329,82,8303,730,"120,0454330686","10,5543979453",,,,,,
319,20.1.2021,4071,3850,206,338,7921,544,3223,318,49,7537,712,"108,9705442657","10,2941525165",,,,,,
320,21.1.2021,3676,4381,180,302,8057,482,3220,327,37,7017,690,"101,4523429896","9,9760747702",,,,,,
321,22.1.2021,3567,4107,182,273,7674,455,3045,297,90,6605,724,"95,4956142862","10,4676494691",,,,,,
322,23.1.2021,4586,5200,252,314,9786,566,2844,284,58,6418,721,"92,7919534427","10,4242752309",,,,,,
323,24.1.2021,3016,1463,84,182,4479,266,2857,281,12,6290,714,"90,9413192824","10,3230686753",,,,,,
324,25.1.2021,602,605,52,69,1207,121,2847,283,9,6306,694,"91,1726485524","10,0339070878",,,,,,
325,26.1.2021,3263,10277,413,359,13540,772,2822,279,60,6458,648,"93,3702766178","9,3688354364",,,,,,
326,27.1.2021,4088,11568,297,530,15656,827,2818,281,36,6535,637,"94,4835487298","9,2097965633",,,,,,
327,28.1.2021,3690,9589,232,366,13279,598,2865,265,28,6598,595,"95,3944077306","8,6025572294",,,,,,
328,29.1.2021,3947,8350,223,337,12297,560,2877,257,29,6623,577,"95,755859715","8,3423118006",,,,,,
329,30.1.2021,4971,8612,303,392,13583,695,2848,261,35,6766,551,"97,8233650659","7,9664017368",,,,,,
330,31.1.2021,3108,1424,127,222,4532,349,2866,263,20,6882,554,"99,5005022737","8,009775975",,,,,,
331,01.2.2021,967,995,68,62,1962,130,2886,264,17,6935,562,"100,2667804807","8,12544061",,,,,,
332,02.2.2021,3363,8213,441,391,11576,832,2850,265,97,7197,577,"104,0547972775","8,3423118006",,,,,,
333,03.2.2021,4681,6771,363,604,11452,967,2901,279,36,7620,564,"110,170564854","8,1543567687",,,,,,
334,04.2.2021,4380,5496,270,449,9876,719,2969,284,40,7857,567,"113,5971296664","8,1977310069",,,,,,
335,05.2.2021,5460,5081,347,536,10541,883,3033,277,54,8285,531,"119,7851876398","7,6772401493",,,,,,
336,06.2.2021,6702,5761,392,518,12463,910,3070,276,30,8629,503,"124,7587669456","7,2724139267",,,,,,
337,07.2.2021,3920,1813,171,322,5733,493,3133,281,9,8856,500,"128,0407509642","7,2290396886",,,,,,
338,08.2.2021,1590,1073,76,106,2663,182,3126,278,20,8917,511,"128,9226938062","7,3880785617",,,,,,
339,09.2.2021,4574,7063,545,570,11637,1115,3057,274,89,9260,540,"133,8818150326","7,8073628637",,,,,,
340,10.2.2021,6153,7075,442,770,13228,1212,3129,266,62,9645,566,"139,4481755928","8,1832729275",,,,,,
341,11.2.2021,4961,5203,367,546,10164,913,3230,273,45,9960,583,"144,0024705966","8,4290602769",,,,,,
342,12.2.2021,6373,5443,400,670,11816,1070,3297,293,34,10470,588,"151,376091079","8,5013506738",,,,,,
343,13.2.2021,6304,4860,342,624,11164,966,3317,304,33,10741,586,"155,2942305902","8,472434515",,,,,,
344,14.2.2021,4783,1754,130,376,6537,506,3375,302,14,10898,580,"157,5641490524","8,3856860388",,,,,,
345,15.2.2021,1095,757,77,86,1852,163,3425,301,16,10931,579,"158,0412656718","8,3712279594",,,,,,
346,16.2.2021,4422,6669,554,514,11091,1068,3421,289,47,11167,529,"161,4533724048","7,6483239905",,,,,,
347,17.2.2021,5578,6026,476,873,11604,1349,3513,284,32,11549,525,"166,9763587269","7,590491673",,,,,,
348,18.2.2021,6001,5544,476,770,11545,1246,3613,296,41,12076,526,"174,5957665587","7,6049497524",,,,,,
349,19.2.2021,5924,5002,436,650,10926,1086,3704,300,42,12279,514,"177,5307566723","7,4314527999",,,,,,
350,20.2.2021,8096,5207,541,922,13303,1463,3775,316,35,12832,519,"185,5260745678","7,5037431968",,,,,,
351,21.2.2021,4130,1566,163,385,5696,548,3846,316,18,12887,528,"186,3212689336","7,6338659111",,,,,,
352,22.2.2021,1917,875,120,107,2792,227,3880,321,15,12932,523,"186,9718825056","7,5615755143",,,,,,
353,23.2.2021,5659,8036,1037,888,13695,1925,3933,334,79,13742,513,"198,6829268011","7,4169947205",,,,,,
354,24.2.2021,7009,6017,654,1146,13026,1800,4037,349,45,14330,496,"207,1842774748","7,1712073711",,,,,,
355,25.2.2021,6331,5735,712,1021,12066,1733,4202,369,48,15150,499,"219,0399025641","7,2145816092",,,,,,
356,26.2.2021,7225,5420,627,1195,12645,1822,4368,370,53,15902,518,"229,9123782557","7,4892851174",,,,,,
357,27.2.2021,7964,5733,682,999,13697,1681,4502,378,49,16617,534,"240,2499050104","7,7206143874",,,,,,
358,28.2.2021,5742,2734,347,732,8476,1079,4674,380,39,17190,559,"248,5343844935","8,0820663718",,,,,,
359,01.3.2021,1595,936,177,155,2531,332,4744,394,24,17359,567,"250,9777999083","8,1977310069",,,,,,
360,02.3.2021,7735,8444,1365,1223,16179,2588,4777,414,117,18879,637,"272,9540805616","9,2097965633",,,,,,
361,03.3.2021,8233,6330,904,1499,14563,2403,5009,423,83,19933,688,"288,1928962251","9,9471586115",,,,,,
362,04.3.2021,4052,2130,375,779,6182,1154,5093,425,22,19841,669,"286,8627529224","9,6724551033",,,,,,
363,05.3.2021,6121,6046,1140,1058,12167,2198,5307,440,93,20953,720,"302,9401371898","10,4098171516",,,,,,
364,06.3.2021,9957,6919,1166,1838,16876,3004,5463,437,65,22494,750,"325,22003751","10,8435595329",,,,,,
365,07.3.2021,6780,3693,528,898,10473,1426,5629,452,22,23372,754,"337,9142312032","10,9013918504",,,,,,
366,08.3.2021,1652,1319,282,215,2971,497,5776,456,21,23642,760,"341,817912635","10,9881403266",,,,,,
367,09.3.2021,8402,8654,1597,1398,17056,2995,5903,503,150,24712,831,"357,2880575686","12,0146639624",,,,,,
368,10.3.2021,9896,7297,1170,2332,17193,3502,6017,497,138,26414,924,"381,8957086685","13,3592653445",,,,,,
369,11.3.2021,7583,6108,1120,1654,13691,2774,6395,501,97,27455,973,"396,9465693002","14,067711234",,,,,,
370,12.3.2021,9934,7343,1239,1882,17277,3121,6604,502,95,28754,1015,"415,7276144111","14,6749505678",,,,,,
371,13.3.2021,9946,7215,1280,1879,17161,3159,6818,506,102,30232,1068,"437,0966557306","15,4412287748",,,,,,
372,14.3.2021,7320,3294,746,1273,10614,2019,6948,522,38,31172,1067,"450,6872503451","15,4267706954",,,,,,
373,15.3.2021,2153,1606,409,270,3759,679,7101,533,51,31519,1094,"455,704203889","15,8171388386",,,,,,
374,16.3.2021,8466,11031,2502,2135,19497,4637,7269,577,187,33568,1164,"485,3288085328","16,829204395",,,,,,
375,17.3.2021,10861,8353,1640,2734,19214,4374,7600,612,107,35539,1188,"513,8256829852","17,1761983001",,,,,,
376,18.3.2021,9957,7695,1546,2655,17652,4201,7804,609,136,38586,1302,"557,8794508474","18,8244193491",,,,,,
377,19.3.2021,10750,7223,1484,2524,17973,4008,8082,670,102,40396,1311,"584,0485745201","18,9545420635",,,,,,
378,20.3.2021,11017,7432,1585,2577,18449,4162,8332,689,115,41554,1361,"600,7910304389","19,6774460323",,,,,,
379,21.3.2021,7860,4119,908,1633,11979,2541,8545,691,34,42669,1373,"616,9117889444","19,8509429849",,,,,,
380,22.3.2021,2637,1773,462,481,4410,943,8660,690,53,43115,1405,"623,3600923466","20,3136015249",,,,,,
381,23.3.2021,7976,10832,2429,2038,18808,4467,8689,691,169,44587,1424,"644,6423851898","20,5883050331",,,,,,
382,24.3.2021,11228,8641,1795,3056,19869,4851,8927,729,119,45936,1405,"664,1463342696","20,3136015249",,,,,,
383,25.3.2021,9584,7536,1690,2685,17120,4375,9125,743,106,47537,1414,"687,2937193525","20,4437242393",,,,,,
384,26.3.2021,9934,7891,1518,2470,17825,3988,9281,769,99,48404,1418,"699,8288741725","20,5015565568",,,,,,
385,27.3.2021,11021,7635,1599,2530,18656,4129,9430,751,89,49374,1405,"713,8532111683","20,3136015249",,,,,,
386,28.3.2021,8129,3802,870,1667,11931,2537,9674,769,49,49892,1416,"721,3424962857","20,4726403981",,,,,,
387,29.3.2021,2487,1607,571,412,4094,983,9839,773,60,50196,1425,"725,7377524164","20,6027631125",,,,,,
388,30.3.2021,9033,10391,2456,2041,19424,4497,9679,752,203,50056,1441,"723,7136213036","20,8340923825",,,,,,
389,31.3.2021,12574,7881,1759,3417,20455,5176,9811,748,155,50858,1489,"735,3090009641","21,5280801926",,,,,,
390,01.4.2021,10426,7521,1687,2520,17947,4207,10093,772,129,50864,1482,"735,3957494403","21,426873637",,,,,,
391,02.4.2021,10831,7671,1393,2301,18502,3694,10152,747,116,50550,1496,"730,8559125159","21,6292867482",,,,,,
392,03.4.2021,12473,8174,1593,2420,20647,4013,10382,753,125,50401,1506,"728,7016586887","21,773867542",,,,,,
393,04.4.2021,7748,2900,650,1269,10648,1919,10521,758,69,49779,1541,"719,7087333161","22,2799003202",,,,,,
394,05.4.2021,2564,1565,404,336,4129,740,10649,747,82,49576,1570,"716,7737432025","22,6991846222",,,,,,
395,06.4.2021,8983,10227,2209,1651,19210,3860,10402,734,197,48969,1598,"707,9976890206","23,1040108447",,,,,,
396,07.4.2021,10479,7097,1497,2507,17576,4004,10355,755,132,48122,1611,"695,7516957881","23,2919658766",,,,,,
397,08.4.2021,9567,8146,1489,2067,17713,3556,10429,777,116,47303,1621,"683,9105287782","23,4365466704",,,,,,
398,09.4.2021,9166,6917,1173,1784,16083,2957,10404,813,136,46272,1658,"669,0042489404","23,9714956073",,,,,,
399,10.4.2021,9892,7073,1224,1579,16965,2803,10271,812,138,44946,1707,"649,8328356862","24,6799414968",,,,,,
400,11.4.2021,6763,2355,484,868,9118,1352,10365,801,43,43761,1701,"632,7000116243","24,5931930206",,,,,,
401,12.4.2021,2216,1442,288,174,3658,462,10382,797,67,43240,1708,"625,1673522688","24,6943995762",,,,,,
402,13.4.2021,7472,9930,1842,1280,17402,3122,9970,776,201,41865,1706,"605,2874931252","24,6654834175",,,,,,
403,14.4.2021,9268,6974,1100,1844,16242,2944,9799,799,127,39633,1678,"573,0170599553","24,2606571949",,,,,,
404,15.4.2021,8072,7225,1024,1493,15297,2517,9685,807,125,37943,1674,"548,5829058079","24,2028248774",,,,,,
405,16.4.2021,8372,6375,898,1287,14747,2185,9523,811,108,36434,1666,"526,7656640278","24,0871602424",,,,,,
406,17.4.2021,8983,6655,963,1163,15638,2126,9195,801,121,34547,1662,"499,4832682431","24,0293279249",,,,,,
407,18.4.2021,5682,2140,380,696,7822,1076,9204,797,38,33704,1631,"487,2951073281","23,5811274642",,,,,,
408,19.4.2021,2654,1990,288,130,4644,418,9229,783,57,33382,1606,"482,6396057687","23,2196754797",,,,,,
409,20.4.2021,7345,8607,1351,1083,15952,2434,8834,780,217,31956,1626,"462,0223845768","23,5088370673",,,,,,
410,21.4.2021,7860,5940,808,1288,13800,2096,8598,765,106,30048,1600,"434,4363691252","23,1329270035",,,,,,
411,22.4.2021,7578,6637,858,1144,14215,2002,8435,786,100,28494,1584,"411,9685137731","22,9015977334",,,,,,
412,23.4.2021,7735,5688,776,905,13423,1681,8309,781,103,27218,1551,"393,5200044878","22,424481114",,,,,,
413,24.4.2021,8779,6109,697,1011,14888,1708,8073,751,105,26123,1518,"377,6884075698","21,9473644945",,,,,,
414,25.4.2021,5174,2319,284,514,7493,798,8087,738,33,25569,1508,"369,6786315948","21,8027837008",,,,,,
415,26.4.2021,3644,1810,259,141,5454,400,8080,746,48,25507,1489,"368,7822306735","21,5280801926",,,,,,
416,27.4.2021,6602,7421,1045,714,14023,1759,7669,724,194,24144,1482,"349,0758684824","21,426873637",,,,,,
417,28.4.2021,10295,7692,814,1036,17987,1850,7480,714,81,23050,1436,"333,2587296437","20,7618019856",,,,,,
418,29.4.2021,8414,5668,607,775,14082,1382,7168,697,96,21915,1407,"316,8488095507","20,3425176837",,,,,,
419,30.4.2021,10476,5783,598,639,16259,1237,6824,682,90,20967,1389,"303,1425503011","20,0822722549",,,,,,
420,01.5.2021,6724,2140,266,386,8864,652,6905,674,31,19493,1299,"281,8313412992","18,7810451109",,,,,,
421,02.5.2021,4296,2790,321,145,7086,466,6790,670,45,18883,1306,"273,0119128791","18,8822516666",,,,,,
422,03.5.2021,1423,1771,294,54,3194,348,6754,662,48,18813,1297,"271,9998473227","18,7521289522",,,,,,
423,04.5.2021,3934,2790,444,187,6724,631,6706,649,56,17010,1136,"245,9319302056","16,4243781725",,,,,,
424,05.5.2021,3100,3106,310,57,6206,367,6670,637,61,15281,1091,"220,9339109625","15,7737646005",,,,,,
425,06.5.2021,5559,9389,1083,552,14948,1635,6158,599,164,14914,1155,"215,6277958311","16,6990816806",,,,,,
426,07.5.2021,3829,1904,176,369,5733,545,6138,587,27,13778,1079,"199,2034176586","15,600267648",,,,,,
427,08.5.2021,7188,7811,645,478,14999,1123,5855,570,86,13193,1060,"190,745441223","15,3255641398",,,,,,
428,09.5.2021,4994,2509,140,326,7503,466,5882,566,16,12861,1043,"185,9453588698","15,0797767904",,,,,,
429,10.5.2021,2653,3200,160,81,5853,241,5912,562,27,12702,1022,"183,6465242488","14,7761571235",,,,,,
430,11.5.2021,5864,10528,663,415,16392,1078,5571,555,116,12021,944,"173,800572193","13,648426932",,,,,,
431,12.5.2021,5581,7609,341,536,13190,877,5410,535,59,11048,922,"159,732860959","13,3303491857",,,,,,
432,13.5.2021,4519,6587,320,337,11106,657,5250,526,46,10323,872,"149,2507534105","12,6074452169",,,,,,
433,14.5.2021,5613,5634,234,272,11247,506,5114,516,44,9592,826,"138,6818973858","11,9423735655",,,,,,
434,15.5.2021,7523,6603,255,263,14126,518,4832,504,49,9458,844,"136,7445147493","12,2026189943",,,,,,
435,16.5.2021,4310,2971,82,121,7281,203,4839,501,7,9195,806,"132,9420398731","11,653211978",,,,,,
436,17.5.2021,1827,2482,87,64,4309,151,4858,499,9,8998,767,"130,0937982358","11,0893468823",,,,,,
437,18.5.2021,6416,10089,426,251,16505,677,4592,490,84,9044,795,"130,7588698871","11,4941731048",,,,,,
438,19.5.2021,6977,6817,212,245,13794,457,4379,485,36,9134,770,"132,0600970311","11,1327211204",,,,,,
439,20.5.2021,4983,6078,165,196,11061,361,4201,460,37,7860,643,"113,6405039045","9,2965450395",,,,,,
440,21.5.2021,6952,6213,190,178,13165,368,4073,442,31,7683,647,"111,0814238548","9,354377357",,,,,,
441,22.5.2021,8211,6255,176,186,14466,362,3849,417,27,6922,588,"100,0788254488","8,5013506738",,,,,,
442,23.5.2021,3335,2641,57,91,5976,148,3817,410,13,6604,585,"95,4811562068","8,4579764356",,,,,,
443,24.5.2021,3590,3126,60,21,6716,81,3807,402,9,6444,567,"93,1678635065","8,1977310069",,,,,,
444,25.5.2021,1926,2624,59,22,4550,81,3781,406,17,5447,468,"78,7531583674","6,7663811485",,,,,,
445,26.5.2021,5084,8755,291,115,13839,406,3533,383,68,4976,477,"71,9434029808","6,8965038629",,,,,,
446,27.5.2021,5671,8201,201,192,13872,393,3396,375,36,4712,467,"68,1264700252","6,7519230691",,,,,,
447,28.5.2021,6420,6744,128,165,13164,293,3295,379,20,4499,443,"65,0468991179","6,4049291641",,,,,,
448,29.5.2021,7079,6427,168,119,13506,287,3188,367,15,4268,409,"61,7070827818","5,9133544653",,,,,,
449,30.5.2021,4464,3386,54,61,7850,115,3197,364,5,4180,407,"60,4347717966","5,8844383065",,,,,,
450,31.5.2021,1926,2451,36,17,4377,53,3176,359,5,4082,403,"59,0178800176","5,826605989",,,,,,
451,01.6.2021,6467,10511,200,103,16978,303,3054,348,38,3708,357,"53,6105583305","5,1615343376",,,,,,
452,02.6.2021,6807,6451,114,122,13258,236,2942,322,26,3487,347,"50,4153227882","5,0169535439",,,,,,
453,03.6.2021,4967,7075,111,86,12042,197,2881,326,21,3323,331,"48,0441977703","4,7856242738",,,,,,
454,04.6.2021,6214,9081,112,58,15295,170,2765,309,45,3125,345,"45,1814980537","4,9880373851",,,,,,
455,05.6.2021,6542,7733,80,77,14275,157,2629,293,18,2920,336,"42,2175917813","4,8579146707",,,,,,
456,06.6.2021,3182,3151,42,47,6333,89,2619,293,3,2861,326,"41,3645650981","4,713333877",,,,,,
457,07.6.2021,1583,4018,41,6,5601,47,2613,287,7,2827,324,"40,8729903993","4,6844177182",,,,,,
458,08.6.2021,3680,9678,144,64,13358,208,2521,277,34,2954,341,"42,7091664802","4,9302050676",,,,,,
459,09.6.2021,5064,10085,91,87,15149,178,2467,267,6,2726,279,"39,4127243822","4,0338041462",,,,,,
460,10.6.2021,3415,6505,66,65,9920,131,2407,256,12,2464,255,"35,6247075853","3,6868102412",,,,,,
461,11.6.2021,5039,9227,56,44,14266,100,2335,253,15,2271,250,"32,8342982656","3,6145198443",,,,,,
462,12.6.2021,5147,8214,73,50,13361,123,2290,246,6,2107,241,"30,4631732477","3,4843971299",,,,,,
463,13.6.2021,3836,4503,50,31,8339,81,2283,246,5,2073,241,"29,9715985489","3,4843971299",,,,,,
464,14.6.2021,858,2612,37,5,3470,42,2284,247,2,2062,238,"29,8125596757","3,4410228918",,,,,,
465,15.6.2021,4880,12982,94,63,17862,157,2239,242,15,1916,215,"27,7016800867","3,1084870661",,,,,,
466,16.6.2021,4350,8850,97,64,13200,161,2097,241,17,1841,206,"26,6173241334","2,9783643517",,,,,,
467,17.6.2021,4294,7877,63,32,12171,95,1954,227,25,1739,210,"25,1426000369","3,0361966692",,,,,,
468,18.6.2021,4770,8898,64,46,13668,110,1764,215,23,1679,188,"24,2751152743","2,7181189229",,,,,,
469,19.6.2021,5622,9149,57,48,14771,105,1752,208,7,1627,177,"23,5232951467","2,5590800498",,,,,,
470,20.6.2021,3571,4867,23,18,8438,41,1746,207,2,1579,176,"22,8293073366","2,5446219704",,,,,,
471,21.6.2021,1013,3128,22,5,4141,27,1745,207,1,1559,170,"22,540145749","2,4578734941",,,,,,
472,22.6.2021,3133,12937,73,47,16070,120,1698,200,10,1471,146,"21,2678347638","2,1108795891",,,,,,
473,23.6.2021,2695,8456,58,36,11151,94,1650,196,8,1387,148,"20,0533560961","2,1397957478",,,,,,
474,24.6.2021,3438,10944,55,38,14382,93,1613,201,5,1349,141,"19,5039490798","2,0385891922",,,,,,
475,25.6.2021,2903,6746,38,24,9649,62,1588,201,9,1311,135,"18,9545420635","1,9518407159",,,,,,
476,26.6.2021,3838,11107,52,34,14945,86,1565,196,4,1274,133,"18,4195931265","1,9229245572",,,,,,
477,27.6.2021,1888,4611,21,7,6499,28,1561,196,1,1221,129,"17,6533149195","1,8650922397",,,,,,
478,28.6.2021,451,2464,13,3,2915,16,1560,197,0,1195,127,"17,2774048557","1,8361760809",,,,,,
479,29.6.2021,3680,16355,80,35,20035,115,1517,186,13,1153,125,"16,6701655219","1,8072599221",,,,,,
480,30.6.2021,3677,13403,57,48,17080,105,1495,179,9,1097,117,"15,8605130768","1,6915952871",,,,,,
481,01.7.2021,2820,10660,48,30,13480,78,1481,179,12,1080,104,"15,6147257273","1,5036402552",,,,,,
482,02.7.2021,3036,10867,41,32,13903,73,1434,163,6,1043,87,"15,0797767904","1,2578529058",,,,,,
483,03.7.2021,3887,12297,44,37,16184,81,1313,155,16,1019,96,"14,7327828853","1,3879756202",,,,,,
484,04.7.2021,2531,7334,21,30,9865,51,1315,154,1,1029,95,"14,8773636791","1,3735175408",,,,,,
485,05.7.2021,541,3359,19,0,3900,19,1245,152,0,1021,94,"14,7616990441","1,3590594615",,,,,,
486,06.7.2021,2974,16633,71,27,19607,98,1134,123,41,999,125,"14,4436212978","1,8072599221",,,,,,
487,07.7.2021,3181,10993,52,35,14174,87,961,111,2,992,119,"14,3424147422","1,7205114459",,,,,,
488,08.7.2021,2269,9989,33,27,12258,60,959,113,2,959,116,"13,8652981227","1,6771372078",,,,,,
489,09.7.2021,2691,9874,30,25,12565,55,895,108,5,952,112,"13,7640915671","1,6193048902",,,,,,
490,10.7.2021,3348,12020,38,23,15368,61,824,105,4,927,112,"13,4026395826","1,6193048902",,,,,,
491,11.7.2021,2735,8377,20,12,11112,32,822,104,2,931,113,"13,4604719001","1,6337629696",,,,,,
492,12.7.2021,1156,4833,14,2,5989,16,826,104,0,931,113,"13,4604719001","1,6337629696",,,,,,
493,13.7.2021,2214,12509,61,22,14723,83,746,95,4,899,104,"12,9978133601","1,5036402552",,,,,,
494,14.7.2021,3003,14784,47,27,17787,74,738,94,10,868,105,"12,5496128994","1,5180983346",,,,,,
495,15.7.2021,2453,11515,52,32,13968,84,727,94,4,874,97,"12,6363613756","1,4024336996",,,,,,
496,16.7.2021,2483,11333,47,47,13816,94,741,93,5,895,96,"12,9399810426","1,3879756202",,,,,,
497,17.7.2021,3146,12976,53,23,16122,76,736,91,6,890,86,"12,8676906457","1,2433948264",,,,,,
498,18.7.2021,2512,8189,36,21,10701,57,741,91,0,896,85,"12,9544391219","1,2289367471",,,,,,
499,19.7.2021,876,5060,26,9,5936,35,744,88,5,912,90,"13,185768392","1,3012271439",,,,,,
500,20.7.2021,3113,15070,74,39,18183,113,739,88,3,927,52,"13,4026395826","0,7518201276",,,,,,
501,21.7.2021,3685,12268,77,68,15953,145,722,82,7,985,57,"14,2412081865","0,8241105245",,,,,,
502,22.7.2021,3579,11094,58,38,14673,96,726,80,3,1021,58,"14,7616990441","0,8385686039",,,,,,
503,23.7.2021,4287,11555,56,65,15842,121,742,81,2,1087,55,"15,715932283","0,7951943657",,,,,,
504,24.7.2021,4720,13699,69,66,18419,135,706,75,4,1161,55,"16,7858301569","0,7951943657",,,,,,
505,25.7.2021,2707,6695,29,25,9402,54,711,77,0,1183,53,"17,1039079032","0,766278207",,,,,,
506,26.7.2021,2014,6636,32,25,8650,57,716,77,1,1224,54,"17,6966891577","0,7807362864",,,,,,
507,27.7.2021,4651,16259,102,91,20910,193,729,73,5,1334,55,"19,2870778891","0,7951943657",,,,,,
508,28.7.2021,4420,11221,99,101,15641,200,755,77,4,1460,49,"21,1087958907","0,7084458895",,,,,,
509,29.7.2021,4430,11319,99,117,15749,216,754,79,2,1592,47,"23,0172623685","0,6795297307",,,,,,
510,30.7.2021,4401,10691,121,110,15092,231,764,79,3,1729,45,"24,9980192431","0,650613572",,,,,,
511,31.7.2021,5798,17191,180,166,22989,346,797,75,3,1999,42,"28,901700675","0,6072393338",,,,,,
512,01.8.2021,4329,8547,94,88,12876,182,805,78,2,2124,44,"30,7089605971","0,6361554926",,,,,,
513,02.8.2021,1886,4805,59,35,6691,94,810,81,2,2183,41,"31,5619872804","0,5927812545",,,,,,
514,03.8.2021,5143,18228,266,127,23371,393,851,82,7,2463,45,"35,610249506","0,650613572",,,,,,
515,04.8.2021,4951,11705,228,234,16656,462,914,86,3,2780,41,"40,1934606685","0,5927812545",,,,,,
516,05.8.2021,5553,15315,221,208,20868,429,955,90,4,3113,42,"45,0080011011","0,6072393338",,,,,,
517,06.8.2021,5283,13369,253,247,18652,500,935,89,14,3492,54,"50,4876131851","0,7807362864",,,,,,
518,07.8.2021,5013,11952,268,281,16965,549,987,91,8,3906,58,"56,4732580472","0,8385686039",,,,,,
519,08.8.2021,4955,12514,206,186,17469,392,1013,98,1,4244,59,"61,3600888767","0,8530266833",,,,,,
520,09.8.2021,1510,4926,128,48,6436,176,1059,99,3,4363,61,"63,0806003226","0,881942842",,,,,,
521,10.8.2021,5294,17989,522,252,23283,774,1140,94,23,4944,79,"71,4807444407","1,1421882708",,,,,,
522,11.8.2021,5089,13467,407,398,18556,805,1207,101,10,5549,85,"80,2278824639","1,2289367471",,,,,,
523,12.8.2021,5272,12894,395,387,18166,782,1222,108,18,6115,101,"88,4111553914","1,4602660171",,,,,,
524,13.8.2021,5154,13579,468,414,18733,882,1264,106,15,6766,113,"97,8233650659","1,6337629696",,,,,,
525,14.8.2021,6086,16893,602,445,22979,1047,1404,124,11,7467,121,"107,9584787093","1,7494276046",,,,,,
526,15.8.2021,4554,9207,325,298,13761,623,1490,131,7,7908,126,"114,3344917147","1,8217180015",,,,,,
527,16.8.2021,1678,4680,209,63,6358,272,1548,141,5,8086,129,"116,9080298438","1,8650922397",,,,,,
528,17.8.2021,6212,23478,846,455,29690,1301,1658,145,32,8994,154,"130,0359659183","2,2265442241",,,,,,
529,18.8.2021,5867,16039,732,673,21906,1405,1832,160,19,9937,170,"143,6699347709","2,4578734941",,,,,,
530,19.8.2021,6018,14054,752,635,20072,1387,2001,174,16,10895,182,"157,5207748143","2,6313704466",,,,,,
531,20.8.2021,6102,14850,730,641,20952,1371,2161,194,27,11766,195,"170,1137619518","2,8193254785",,,,,,
532,21.8.2021,7051,19676,747,621,26727,1368,2313,193,21,12585,208,"181,9549289617","3,0072805105",,,,,,
533,22.8.2021,4986,10178,397,448,15164,845,2410,197,8,13038,215,"188,5044389195","3,1084870661",,,,,,
534,23.8.2021,1568,4934,291,93,6502,384,2452,202,8,13246,220,"191,51171943","3,180777463",,,,,,
535,24.8.2021,7305,22224,1220,671,29529,1891,2702,223,57,14363,254,"207,6613940943","3,6723521618",,,,,,
536,25.8.2021,7157,16851,853,1058,24008,1911,2873,248,33,15469,277,"223,6520298854","4,0048879875",,,,,,
537,26.8.2021,6646,15834,772,829,22480,1601,2985,262,48,16288,307,"235,4931968953","4,4386303688",,,,,,
538,27.8.2021,6901,16397,861,872,23298,1733,3163,279,34,17139,326,"247,7970224453","4,713333877",,,,,,
539,28.8.2021,7801,20559,902,811,28360,1713,3255,298,43,17805,358,"257,4261033105","5,175992417",,,,,,
540,29.8.2021,6263,10738,498,506,17001,1004,3369,297,15,18186,366,"262,9346315532","5,291657052",,,,,,
541,30.8.2021,2256,5439,370,81,7695,451,3451,298,26,18365,387,"265,5226277617","5,595276719",,,,,,
542,31.8.2021,8666,23404,1422,668,32070,2090,3594,301,109,19154,464,"276,9300523903","6,708548831",,,,,,
543,01.9.2021,9004,17627,889,1164,26631,2053,3738,324,56,19802,501,"286,2988878267","7,243497768",,,,,,
544,02.9.2021,8341,16495,845,900,24836,1745,3872,332,54,20160,539,"291,4748802437","7,7929047843",,,,,,
545,03.9.2021,8266,17533,787,777,25799,1564,3985,333,51,20353,563,"294,2652895635","8,1398986893",,,,,,
546,04.9.2021,9675,20336,864,776,30011,1640,4070,334,50,20625,592,"298,1978871541","8,5591829913",,,,,,
547,05.9.2021,5994,7392,405,449,13386,854,4114,338,32,20634,616,"298,3280098685","8,9061768963",,,,,,
548,06.9.2021,3523,8628,389,99,12151,488,4161,332,32,20738,640,"299,8316501237","9,2531708014",,,,,,
549,07.9.2021,3343,9191,542,135,12534,677,4284,339,34,19524,617,"282,2795417598","8,9206349757",,,,,,
550,08.9.2021,7475,19649,1359,646,27124,2005,4307,329,121,19618,705,"283,6386012213","10,1929459609",,,,,,
551,09.9.2021,8086,16056,924,1032,24142,1956,4419,363,65,19973,722,"288,7712194002","10,4387333103",,,,,,
552,10.9.2021,7362,17037,833,796,24399,1629,4500,378,52,19869,740,"287,267579145","10,6989787391",,,,,,
553,11.9.2021,7490,18871,876,750,26361,1626,4448,377,72,19782,769,"286,0097262392","11,118263041",,,,,,
554,12.9.2021,5282,8745,466,443,14027,909,4572,380,10,19687,764,"284,6362086983","11,0459726442",,,,,,
555,13.9.2021,1854,5470,344,93,7324,437,4609,373,53,19673,791,"284,433795587","11,4363407873",,,,,,
556,14.9.2021,5804,18983,1303,695,24787,1998,4587,370,139,19581,821,"283,1036522843","11,8700831687",,,,,,
557,15.9.2021,6521,14930,881,1148,21451,2029,4584,386,83,19557,848,"282,7566583793","12,2604513118",,,,,,
558,16.9.2021,6297,18448,935,927,24745,1862,4582,396,65,19674,859,"284,4482536664","12,419490185",,,,,,
559,17.9.2021,5861,15306,914,810,21167,1724,4627,396,67,19834,875,"286,7615463668","12,650819455",,,,,,
560,18.9.2021,6581,18608,994,898,25189,1892,4649,395,79,20086,904,"290,4049823698","13,070103757",,,,,,
561,19.9.2021,4601,7847,465,486,12448,951,4703,396,30,20183,902,"291,8074160694","13,0411875982",,,,,,
562,20.9.2021,1180,3560,373,85,4740,458,4750,391,43,20153,913,"291,3736736881","13,2002264714",,,,,,
563,21.9.2021,5571,19148,1574,786,24719,2360,4879,388,138,21836,1017,"315,7066212799","14,7038667266",,,,,,
564,22.9.2021,6937,15339,1074,1118,22276,2192,4935,405,58,22023,954,"318,4102821234","13,7930077258",,,,,,
565,23.9.2021,3199,5887,400,450,9086,850,4959,405,27,20917,916,"302,4196463322","13,2436007095",,,,,,
566,24.9.2021,5086,15910,1237,598,20996,1835,4949,414,99,21123,963,"305,3980106839","13,9231304402",,,,,,
567,25.9.2021,6397,17878,995,909,24275,1904,4969,416,73,21401,964,"309,4173567508","13,9375885196",213,635,50,585,1,72
568,26.9.2021,3914,6961,506,532,10875,1038,5040,418,26,21530,980,"311,2824489905","14,1689177896",126,229,20,209,0,26
569,27.9.2021,1421,4581,406,90,6002,496,5078,418,40,21589,967,"312,1354756737","13,9809627577",57,165,14,151,4,36
570,28.9.2021,5701,18331,1728,808,24032,2536,5048,432,149,22127,977,"319,9139223786","14,1255435515",285,960,63,897,10,139
571,29.9.2021,6832,15501,1191,1382,22333,2573,5152,449,87,22671,981,"327,7791175598","14,183375869",333,677,55,622,3,84
572,30.9.2021,5932,13305,1086,1056,19237,2142,5172,458,87,22951,1003,"331,8273797854","14,5014536153",288,548,46,502,9,78
573,01.10.2021,6217,14861,1041,1009,21078,2050,5201,462,70,23277,1006,"336,5407136624","14,5448278534",300,525,50,475,5,65
574,02.10.2021,6673,15667,1049,1042,22340,2091,5182,463,87,23476,1014,"339,4178714584","14,6604924884",271,551,49,502,3,84
575,03.10.2021,4307,7198,551,677,11505,1228,5217,465,26,23753,1010,"343,4227594459","14,6026601709",183,133,13,120,2,24
576,04.10.2021,1016,3587,418,95,4603,513,5248,462,43,23808,1010,"344,2179538116","14,6026601709",64,183,23,160,3,40
577,05.10.2021,5410,15310,1797,1009,20720,2806,5204,445,178,24254,1050,"350,6662572139","15,180983346",377,947,84,863,7,171
578,06.10.2021,7406,17759,1387,1479,25165,2866,5223,460,104,24928,1096,"360,4110027141","15,8460549974",361,686,59,627,4,100
579,07.10.2021,6003,12373,1232,1310,18376,2542,5312,455,91,26620,1160,"384,8740730202","16,7713720775",340,657,63,594,6,85
580,08.10.2021,5209,13599,1158,1144,18808,2302,5374,463,94,27087,1155,"391,6259960894","16,6990816806",344,636,73,563,10,84
581,09.10.2021,7105,14670,1212,1273,21775,2485,5453,462,81,27668,1163,"400,0261402075","16,8147463156",343,639,72,567,4,77
582,10.10.2021,4205,6218,540,706,10423,1246,5489,469,30,27876,1167,"403,033420718","16,8725786332",181,174,18,156,2,28
583,11.10.2021,1197,4539,522,99,5736,621,5503,470,40,28001,1167,"404,8406806401","16,8725786332",103,187,20,167,2,38
584,12.10.2021,5329,18151,2300,1171,23480,3471,5505,472,157,28936,1175,"418,3589848578","16,9882432682",540,907,85,822,11,146
585,13.10.2021,6865,11116,1476,1993,17981,3469,5646,485,93,29832,1181,"431,3134239797","17,0749917444",430,787,67,720,8,85
586,14.10.2021,6615,12444,1591,1736,19059,3327,5707,487,98,31017,1192,"448,4462480417","17,2340306176",441,723,75,648,4,94
587,15.10.2021,6326,12399,1492,1691,18725,3183,5867,493,98,32150,1220,"464,827251976","17,6388568401",469,721,71,650,6,92
588,16.10.2021,7996,16734,1687,1753,24730,3440,5936,509,86,33499,1219,"484,3312010558","17,6243987608",493,740,68,672,7,79
589,17.10.2021,4924,6887,789,1087,11811,1867,6035,512,43,34138,1236,"493,5699137778","17,8701861102",270,262,26,236,4,39
590,18.10.2021,1234,4449,760,240,5683,1000,6074,512,43,34625,1236,"500,6109984345","17,8701861102",134,167,19,148,2,41
591,19.10.2021,6596,20184,3179,1800,26780,4979,6258,537,214,36798,1272,"532,0284049211","18,3906769678",785,1251,135,1116,12,202
592,20.10.2021,8992,13272,2006,2951,22264,4957,6377,558,124,38889,1292,"562,2602488987","18,6798385553",748,895,93,802,6,118
593,21.10.2021,7434,17606,2032,2490,25040,4522,6494,567,107,40869,1308,"590,8872460655","18,9111678253",651,714,94,620,7,100
594,22.10.2021,9076,38294,2025,2791,47370,4816,6608,590,120,43383,1334,"627,2348576197","19,2870778891",598,814,82,732,9,111
595,23.10.2021,8882,21890,1986,2840,30772,4826,6685,595,136,45724,1389,"661,0812214417","20,0822722549",611,768,100,668,10,126
596,24.10.2021,6594,18729,1436,1918,25323,3354,6792,602,58,47832,1417,"691,5588527688","20,4870984774",409,349,45,304,3,55
597,25.10.2021,1745,8809,968,402,10554,1370,6912,600,40,48581,1417,"702,3879542223","20,4870984774",178,299,32,267,1,39
598,26.10.2021,6872,44816,3792,2071,51688,5863,7128,608,243,50973,1503,"736,9716800924","21,7304933039",787,1379,128,1251,9,234
599,27.10.2021,11067,39289,3081,3735,50356,6816,7325,608,124,54320,1534,"785,3628717678","22,1786937646",849,1107,123,984,7,117
600,28.10.2021,9375,32238,2612,3031,41613,5643,7373,607,154,56636,1590,"818,8477836053","22,9883462097",734,902,92,810,10,144
601,29.10.2021,8408,40892,2710,2468,49300,5178,7553,656,124,58631,1616,"847,6916519628","23,3642562735",652,897,80,817,8,116
602,30.10.2021,8503,44797,2783,2473,53300,5256,7680,676,154,60447,1684,"873,9475241117","24,3474056712",683,939,111,828,12,142
603,31.10.2021,6201,26387,1392,1444,32588,2836,7880,685,46,61416,1687,"887,9574030282","24,3907799093",385,417,54,363,4,42
604,01.11.2021,1613,15355,1124,333,16968,1457,7973,680,81,61873,1725,"894,5647453036","24,9401869256",182,332,27,305,6,75
605,02.11.2021,7035,42827,3997,2010,49862,6007,8030,669,310,62901,1821,"909,4276509033","26,3281625458",817,1341,132,1209,19,291
606,03.11.2021,9795,35019,2745,3118,44814,5863,8149,696,145,63807,1842,"922,526670819","26,6317822127",791,999,100,899,13,132
607,04.11.2021,7494,32463,2582,2340,39957,4922,8191,715,135,64207,1870,"928,3099025699","27,0366084353",689,954,99,855,9,126
608,05.11.2021,8100,31233,2502,2160,39333,4662,8372,710,166,64053,1916,"926,0833583458","27,7016800867",648,996,108,888,16,150
609,06.11.2021,8187,31899,2331,2403,40086,4734,8262,724,185,63961,1965,"924,7532150431","28,4101259761",715,910,93,817,13,172
610,07.11.2021,5142,41246,1641,1185,46388,2826,8370,732,65,63433,1972,"917,119349132","28,5113325318",385,359,38,321,1,64
611,08.11.2021,1777,14849,990,266,16626,1256,8491,732,69,63319,2001,"915,471128083","28,9306168337",176,303,31,272,7,62
612,09.11.2021,6620,41516,3563,1723,48136,5286,8516,723,334,62742,2092,"907,1288162823","30,246302057",756,1411,154,1257,19,315
613,10.11.2021,8305,28241,2336,2619,36546,4955,8526,747,147,60881,2115,"880,2223305614","30,5788378827",731,1014,95,919,6,141
614,11.11.2021,7022,32209,1944,1909,39231,3853,8398,760,199,59091,2160,"854,3423684763","31,2294514547",586,872,81,791,15,184
615,12.11.2021,6039,26774,1694,1513,32813,3207,8329,755,196,57120,2232,"825,8454940239","32,2704331698",485,780,79,701,6,190
616,13.11.2021,6013,35356,1768,1378,41369,3146,8156,751,175,55010,2253,"795,3389465381","32,5740528368",478,855,99,756,9,166
617,14.11.2021,3832,19454,810,800,23286,1610,8178,745,66,53784,2273,"777,6133412217","32,8632144243",263,287,40,247,6,60
618,15.11.2021,1329,12875,648,180,14204,828,8228,752,88,53155,2280,"768,5192092934","32,9644209799",19,293,37,256,2,86
619,16.11.2021,4865,27189,2154,1069,32054,3223,7924,725,276,50371,2246,"728,2679163074","32,4728462811",545,1061,116,945,9,267
620,17.11.2021,7127,34115,2105,1764,41242,3869,7737,767,121,48377,2222,"699,4385060293","32,1258523761",581,779,90,689,12,109
621,18.11.2021,5146,26537,1569,1270,31683,2839,7544,761,164,46294,2251,"669,3223266867","32,545136678",464,770,76,694,13,151
622,19.11.2021,5605,25713,1682,1103,31318,2785,7414,775,145,44417,2230,"642,1845116957","32,2415170111",475,734,87,647,13,132
623,20.11.2021,5683,38620,1556,1181,44303,2737,7276,767,139,42420,2184,"613,3117271795","31,5764453597",486,783,97,686,9,130
624,21.11.2021,4001,18553,765,690,22554,1455,7332,759,56,41049,2175,"593,4897003534","31,4463226453",232,262,23,239,4,52
625,22.11.2021,1298,12638,580,153,13936,733,7357,760,73,40526,2179,"585,9281248392","31,5041549629",108,223,29,194,6,67
626,23.11.2021,4731,32862,2455,1007,37593,3462,7168,775,254,38702,2099,"559,5565880552","30,3475086127",647,1004,120,884,19,235
627,24.11.2021,6731,27072,1669,1564,33803,3233,7001,777,151,36980,2103,"534,6597753677","30,4053409302",577,734,82,652,9,142
628,25.11.2021,6365,23138,1360,1209,29503,2569,6846,797,120,35696,2024,"516,0956014474","29,2631526594",511,687,84,603,6,114
629,26.11.2021,5440,25297,1355,1015,30737,2370,6758,787,113,34859,1941,"503,9941890087","28,0631320711",478,609,98,511,12,101
630,27.11.2021,6721,33909,1397,1091,40630,2488,6606,779,105,34201,1871,"494,4807727786","27,0510665147",464,599,81,518,9,96
631,28.11.2021,4890,20130,650,568,25020,1218,6674,783,47,33809,1852,"488,8132056627","26,7763630065",218,217,36,181,4,43
632,29.11.2021,2370,11848,578,150,14218,728,6707,756,58,33709,1822,"487,367397725","26,3426206252",125,201,18,183,4,54
633,30.11.2021,6471,30088,2092,928,36559,3020,6526,723,224,33506,1770,"484,4324076114","25,5908004976",522,946,119,827,19,205
634,01.12.2021,6669,20195,1373,1308,26864,2681,6470,717,128,32318,1777,"467,2562093114","25,6920070532",511,724,106,618,14,114
635,02.12.2021,5357,22580,1093,1012,27937,2105,6302,694,89,31584,1702,"456,6439790485","24,6076510999",423,526,70,456,12,77
636,03.12.2021,5071,22601,1167,851,27672,2018,6225,702,114,30817,1671,"445,5546321662","24,1594506392",367,514,50,464,8,106
637,04.12.2021,5397,31378,1244,1045,36775,2289,6035,684,113,30369,1645,"439,0774126052","23,7835405754",436,552,70,482,14,99
638,05.12.2021,2977,16339,495,490,19316,985,6082,677,36,29899,1625,"432,282115298","23,4943789879",193,203,27,176,5,31
639,06.12.2021,1487,14873,572,134,16360,706,6130,674,47,29872,1599,"431,8917471548","23,1184689241",132,165,26,139,0,47
640,07.12.2021,3895,31109,1682,744,35004,2426,5780,624,208,28836,1553,"416,91317692","22,4533972727",456,740,104,636,13,195
641,08.12.2021,4984,22710,1157,1142,27694,2299,5702,627,103,27902,1505,"403,4093307818","21,7594094626",416,650,92,558,3,100
642,09.12.2021,3891,21000,843,809,24891,1652,5551,631,116,26985,1501,"390,1512719929","21,7015771451",294,474,72,402,11,105
643,10.12.2021,4572,31569,1049,778,36141,1827,5411,643,103,26442,1491,"382,3005348911","21,5569963514",355,443,54,389,5,98
644,11.12.2021,4587,33544,1063,656,38131,1719,5242,628,77,25673,1463,"371,1822718501","21,1521701288",333,494,79,415,6,71
645,12.12.2021,3124,23703,616,457,26827,1073,5284,627,27,25528,1443,"369,0858503404","20,8630085413",203,145,16,129,4,23
646,13.12.2021,1195,11576,412,120,12771,532,5316,629,50,25332,1435,"366,2520667824","20,7473439062",91,173,14,159,3,47
647,14.12.2021,3338,23814,1356,603,27152,1959,5114,606,152,24271,1363,"350,9120445633","19,7063621911",334,705,79,626,11,141
648,15.12.2021,5075,23735,1065,939,28810,2004,4961,587,76,23594,1311,"341,1239248249","18,9545420635",377,453,74,379,9,67
649,16.12.2021,4153,29108,1025,700,33261,1725,4869,560,83,23214,1305,"335,6298546616","18,8677935872",320,438,73,365,3,80
650,17.12.2021,4438,31391,793,650,35829,1443,4791,551,86,22639,1277,"327,3164590197","18,4629673646",265,376,64,312,11,75
651,18.12.2021,5128,40797,950,664,45925,1614,4511,537,81,21964,1245,"317,5572554401","18,0003088246",319,406,48,358,5,76
652,19.12.2021,3542,23202,506,398,26744,904,4575,532,33,21883,1242,"316,3861510106","17,9569345864",173,170,15,155,2,31
653,20.12.2021,1402,14235,350,106,15637,456,4613,527,35,21633,1230,"312,7716311663","17,7834376339",89,139,17,122,8,27
654,21.12.2021,4045,32657,1441,560,36702,2001,4452,506,157,21208,1179,"306,626947431","17,0460755857",400,630,82,548,9,148
655,22.12.2021,5061,30748,987,896,35809,1883,4300,493,64,20792,1140,"300,6123864101","16,48221049",386,424,63,361,9,55
656,23.12.2021,4361,21637,817,646,25998,1463,4241,493,56,20603,1080,"297,8798094078","15,6147257273",329,410,59,351,3,53
657,24.12.2021,5056,29540,1200,766,34596,1966,4104,479,77,20742,1054,"299,8894824412","15,2388156635",422,399,52,347,5,72
658,25.12.2021,3211,21132,582,451,24343,1033,4047,467,40,20056,1017,"289,9712399885","14,7038667266",244,146,16,130,6,34
659,26.12.2021,2122,9991,566,177,12113,743,4023,451,52,19726,1042,"285,200073794","15,065318711",146,122,7,115,2,50
660,27.12.2021,2111,13342,714,124,15453,838,4073,456,46,20032,1038,"289,6242460835","15,0074863935",180,307,43,264,4,42
661,28.12.2021,2890,19712,1079,199,22602,1278,4090,464,49,19351,935,"279,7782940276","13,5183042177",249,266,34,232,2,47
662,29.12.2021,2580,20042,1035,200,22622,1235,4142,481,34,18582,893,"268,6600309866","12,9110648838",262,253,41,212,5,29
663,30.12.2021,4443,32006,2487,962,36449,3449,4071,462,162,20306,972,"293,5857598328","14,0532531546",709,761,111,650,12,150
664,31.12.2021,5978,27356,1994,1622,33334,3616,4100,467,71,22479,957,"325,0031663194","13,836381964",875,550,71,479,5,66
665,01.1.2022,5254,25699,1609,1201,30953,2810,4022,457,65,23675,941,"342,2950292545","13,6050526939",701,385,59,326,4,61
666,02.1.2022,1817,5612,653,423,7429,1076,4059,449,28,23847,936,"344,7818189074","13,532762297",268,144,23,121,1,27
667,03.1.2022,1850,11005,1145,211,12855,1356,4168,450,44,24747,945,"357,7940903468","13,6628850114",331,233,34,199,4,40
668,04.1.2022,2943,14465,1575,343,17408,1918,4306,455,53,24664,841,"356,5940697585","12,1592447562",506,315,63,252,2,51
669,05.1.2022,7518,35310,4346,1906,42828,6252,4477,468,157,29033,934,"419,7614185574","13,5038461383",1667,887,153,734,15,142
670,06.1.2022,12160,39880,3406,3360,52040,6766,4608,493,66,34336,944,"496,4326134945","13,648426932",1923,672,98,574,4,62
671,07.1.2022,10907,27520,2655,2870,38427,5525,4790,509,72,37895,939,"547,8889179978","13,5761365352",1579,603,103,500,2,70
672,08.1.2022,11867,32795,2850,2674,44662,5524,4926,522,96,42386,995,"612,8201524807","14,3857889803",1435,644,106,538,7,89
673,09.1.2022,7608,19224,1601,1575,26832,3176,5009,517,45,44819,988,"647,9966596053","14,2845824246",843,226,38,188,0,45
674,10.1.2022,2170,11397,1284,432,13567,1716,5056,512,40,45697,982,"660,6908532985","14,1978339484",463,181,27,154,7,33
675,11.1.2022,8459,33524,4512,2249,41983,6761,5219,570,116,51180,1049,"739,9645025235","15,1665252667",1646,861,134,727,6,110
676,12.1.2022,12773,25179,3247,3815,37952,7062,5240,580,89,57007,1104,"824,2117310543","15,9617196324",1855,627,103,524,7,82
677,13.1.2022,9462,20351,2646,3057,29813,5703,5257,579,77,59261,1019,"856,8002419704","14,7327828853",1559,553,103,450,6,71
678,14.1.2022,10956,28634,3803,3231,39590,7034,5297,579,84,62679,1032,"906,2179572816","14,9207379172",1786,552,96,456,4,80
679,15.1.2022,11221,29863,3653,3210,41084,6863,5190,578,80,66732,1047,"964,8165529972","15,1376091079",1631,554,126,428,8,72
680,16.1.2022,8429,18742,2046,2343,27171,4389,5237,568,40,70045,1059,"1012,7161699738","15,3111060604",1052,202,34,168,2,38
681,17.1.2022,2719,12316,1763,616,15035,2379,5267,557,44,71068,1059,"1027,5067851767","15,3111060604",540,177,29,148,3,41
682,18.1.2022,8789,35983,6735,3261,44772,9996,5223,541,161,79146,1167,"1144,2991503854","16,8725786332",2121,829,144,685,13,148
683,19.1.2022,16416,29540,5109,6072,45956,11181,5259,554,91,84075,1101,"1215,5630236355","15,9183453943",2455,660,103,557,7,84
684,20.1.2022,14020,27413,4607,5553,41433,10160,5208,542,93,87469,1128,"1264,6337450416","16,3087135374",2289,572,95,477,5,88
685,21.1.2022,13395,26050,3979,4953,39445,8932,5198,530,87,90876,1143,"1313,8924214796","16,5255847281",2033,529,98,431,9,78
686,22.1.2022,12940,30939,4819,5055,43879,9874,5164,547,86,95226,1133,"1376,7850667703","16,3810039343",2155,615,97,518,5,81
687,23.1.2022,9631,16910,2962,3668,26541,6630,5216,547,32,98680,1120,"1426,7232729391","16,1930489024",1490,258,46,212,6,26
688,24.1.2022,2697,10571,2010,837,13268,2847,5309,550,28,99811,1108,"1443,0753607146","16,0195519499",661,207,33,174,0,28
689,25.1.2022,9299,36586,7587,3462,45885,11049,5327,517,132,104099,1124,"1505,0716050839","16,2508812199",2410,949,146,803,12,120
690,26.1.2022,17758,26223,5179,7220,43981,12399,5347,523,73,109436,1108,"1582,2343747199","16,0195519499",2950,692,118,574,12,61
691,27.1.2022,13008,24579,4494,5422,37587,9916,5372,519,70,113649,1101,"1643,1462631359","15,9183453943",2342,624,102,522,10,60
692,28.1.2022,13229,24716,4717,5157,37945,9874,5455,520,78,116489,1095,"1684,2072085671","15,831596918",2300,691,91,600,8,70
693,29.1.2022,13795,28172,4896,4975,41967,9871,5526,509,71,119497,1086,"1727,6971113336","15,7014742036",2303,781,149,632,8,63
694,30.1.2022,8933,14496,2503,3372,23429,5875,5684,513,33,120983,1079,"1749,1818172881","15,600267648",1404,336,61,275,0,33
695,31.1.2022,2634,12427,1859,743,15061,2602,5730,506,39,121206,1074,"1752,4059689892","15,5279772511",576,210,30,180,3,36
696,01.2.2022,8955,33291,6893,3258,42246,10151,5705,506,158,121361,1071,"1754,6469712926","15,4846030129",2280,1015,121,894,19,139
697,02.2.2022,14518,26345,4803,6340,40863,11143,5799,533,87,121323,1067,"1754,0975642763","15,4267706954",2655,841,123,718,15,72
698,03.2.2022,12242,22798,4094,5058,35040,9152,5917,565,87,120315,1061,"1739,5238202641","15,3400222192",2247,797,123,674,12,75
699,04.2.2022,10919,26087,3864,4278,37006,8142,6124,568,96,119525,1070,"1728,1019375561","15,4701449336",1987,863,126,737,11,85
700,05.2.2022,10809,29926,4080,4036,40735,8116,6156,586,100,117767,1084,"1702,6846340111","15,6725580449",1982,886,135,751,10,90
701,06.2.2022,7016,14235,1987,2750,21251,4737,6212,585,40,115874,1092,"1675,3154897501","15,7882226799",1133,311,47,264,4,36
702,07.2.2022,2056,10782,1645,536,12838,2181,6238,593,42,115208,1106,"1665,6864088849","15,9906357911",506,215,24,191,3,39
703,08.2.2022,7008,30501,5548,2464,37509,8012,6256,623,176,112171,1150,"1621,7772218164","16,6267912837",1948,1145,148,997,17,159
704,09.2.2022,11529,21445,3471,4669,32974,8140,6274,625,98,107912,1175,"1560,2002617491","16,9882432682",2012,892,153,739,8,90
705,10.2.2022,8542,21628,3436,3827,30170,7263,6237,608,108,105259,1213,"1521,8429771614","17,5376502845",1845,775,123,652,13,95
706,11.2.2022,8088,19910,2974,3304,27998,6278,6238,601,76,101663,1211,"1469,8517237211","17,5087341258",1507,681,106,575,11,65
707,12.2.2022,8295,25450,3365,3166,33745,6531,6152,618,86,98323,1226,"1421,5617386014","17,7256053164",1597,721,112,609,12,74
708,13.2.2022,5387,13409,1599,2026,18796,3625,6224,627,45,96073,1238,"1389,0310600028","17,8991022689",855,290,38,252,3,42
709,14.2.2022,1439,8622,1084,455,10061,1539,6236,616,45,95010,1244,"1373,6621216248","17,9858507452",338,203,19,184,3,42
710,15.2.2022,6020,29322,4237,1893,35342,6130,5954,605,187,90989,1273,"1315,5261844492","18,4051350471",1390,939,132,807,29,158
711,16.2.2022,8774,20212,2822,3767,28986,6589,5721,601,95,86435,1281,"1249,6840909656","18,5207996822",1590,622,94,528,11,84
712,17.2.2022,6392,18675,2382,2641,25067,5023,5639,594,93,82306,1287,"1189,9866812173","18,6075481584",1270,639,103,536,10,83
713,18.2.2022,6350,18706,2216,2410,25056,4626,5545,588,105,78790,1296,"1139,1520741272","18,7376708728",1163,633,94,539,11,94
714,19.2.2022,6590,22283,2326,2290,28873,4616,5437,588,89,75290,1285,"1088,5487963071","18,5786319997",1120,554,84,470,3,86
715,20.2.2022,4209,12076,1142,1463,16285,2605,5399,580,25,73158,1270,"1057,7241710749","18,361760809",604,201,41,160,2,23
716,21.2.2022,1493,8714,880,355,10207,1235,5402,577,44,72212,1272,"1044,0468279841","18,3906769678",282,160,20,140,4,40
717,22.2.2022,5402,25232,3304,1541,30634,4845,5145,549,143,69045,1239,"998,2580905966","17,9135603483",1114,797,111,686,13,130
718,23.2.2022,6939,16467,1966,2701,23406,4667,4887,544,60,65572,1201,"948,0451809197","17,364153332",1165,490,71,419,5,55
719,24.2.2022,5480,16504,1590,1821,21984,3411,4712,537,53,61720,1146,"892,3526591589","16,5689589662",880,426,71,355,3,50
720,25.2.2022,5040,13109,1310,1544,18149,2854,4542,530,59,58296,1129,"842,8481953714","16,3231716168",759,398,48,350,11,48
721,26.2.2022,5234,18982,1578,1325,24216,2903,4224,500,76,54668,1119,"790,3942833911","16,1785908231",730,367,68,299,6,70
722,27.2.2022,3248,6727,617,851,9975,1468,4233,498,25,52511,1099,"759,2082061745","15,8894292355",389,136,18,118,4,21
723,28.2.2022,1280,5279,518,206,6559,724,4268,503,24,51696,1078,"747,4248714821","15,5858095686",193,138,19,119,2,22
724,01.3.2022,4168,18249,1955,804,22417,2759,3918,473,99,48325,990,"698,6866859017","14,3134985834",702,467,57,410,13,86
725,02.3.2022,4745,13551,1266,1375,18296,2641,3652,461,56,44377,951,"641,6061885206","13,7496334877",726,321,55,266,4,52
726,03.3.2022,4375,14396,1189,1085,18771,2274,3460,447,59,41628,917,"601,8609283128","13,2580587889",574,330,54,276,4,55
727,04.3.2022,2285,6349,484,620,8634,1104,3445,436,20,38106,832,"550,9395727464","12,0291220418",317,112,17,95,1,19
728,05.3.2022,2981,16580,1522,603,19561,2125,3155,420,74,35615,817,"514,9244970179","11,8122508511",600,351,70,281,6,68
729,06.3.2022,3164,7523,594,794,10687,1388,3175,416,21,34398,813,"497,3290144159","11,7544185336",420,163,14,149,3,18
