region;year ;month;hospital_beds;COVID_hospitals;Hospitals;COVID_Beds;Intensive_COVID_beds;ID_Beds;Infection_beds;COVID_proportion;Hospitals_involved
Благоевград;2020;март;1815;5;11;50;57;10;69;2,75;45,5
Благоевград;2020;април;1815;5;11;94;57;12;69;5,18;45,5
Благоевград;2020;май;1815;5;11;128;57;17;69;7,05;45,5
Благоевград;2020;юни;1815;6;11;156;57;20;69;8,6;54,5
Благоевград;2020;юли;1815;6;11;187;57;20;69;10,3;54,5
Благоевград;2020;август;1815;6;11;226;57;22;69;12,45;54,5
Благоевград;2020;септември;1815;6;11;345;57;22;69;19,01;54,5
Благоевград;2020;октомври;1815;6;11;482;57;24;69;26,56;54,5
Благоевград;2020;ноември;1815;7;11;567;57;26;69;31,24;63,6
Благоевград;2020;декември;1815;7;11;620;57;29;69;34,16;63,6
Благоевград;2021;август;1815;7;11;114;57;11;69;6,28;63,6
Благоевград;2021;юли;1815;7;11;214;57;18;69;11,79;63,6
Благоевград;2021;юни;1815;7;11;304;57;18;69;16,75;63,6
Благоевград;2021;септември;1815;7;11;334;57;21;69;18,4;63,6
Благоевград;2021;февруари;1815;7;11;375;57;18;69;20,66;63,6
Благоевград;2021;декември;1815;7;11;387;57;25;69;21,32;63,6
Благоевград;2021;май;1815;7;11;400;57;21;69;22,04;63,6
Благоевград;2021;октомври;1815;7;11;405;57;21;69;22,31;63,6
Благоевград;2021;март;1815;7;11;466;57;19;69;25,67;63,6
Благоевград;2021;ноември;1815;7;11;479;57;27;69;26,39;63,6
Благоевград;2021;януари;1815;7;11;517;57;29;69;28,48;63,6
Благоевград;2021;април;1815;7;11;569;57;24;69;31,35;63,6
Благоевград;2022;февруари;1815;7;11;397;57;25;69;21,87;63,6
Благоевград;2022;януари;1815;7;11;399;57;25;69;21,98;63,6
Варна;2020;юни;2389;1;19;70;90;0;70;2,93;5,3
Варна;2020;юли;2389;1;19;70;90;0;70;2,93;5,3
Варна;2020;март;2389;1;19;70;90;0;70;2,93;5,3
Варна;2020;май;2389;1;19;70;90;0;70;2,93;5,3
Варна;2020;април;2389;1;19;70;90;0;70;2,93;5,3
Варна;2020;септември;2389;4;19;110;90;5;70;4,6;21,1
Варна;2020;август;2389;4;19;110;90;5;70;4,6;21,1
Варна;2020;октомври;2389;5;19;161;90;20;70;6,74;26,3
Варна;2020;ноември;2426;8;19;468;127;45;70;19,29;42,1
Варна;2020;декември;2426;8;19;511;127;45;70;21,06;42,1
Варна;2021;юли;2389;1;19;82;90;7;70;3,43;5,3
Варна;2021;юни;2389;6;19;189;90;5;70;7,91;31,6
Варна;2021;февруари;2389;8;19;261;90;45;70;10,93;42,1
Варна;2021;май;2389;7;19;264;90;33;70;11,05;36,8
Варна;2021;август;2389;7;19;304;90;32;70;12,72;36,8
Варна;2021;януари;2426;8;19;334;127;23;70;13,77;42,1
Варна;2021;септември;2389;7;19;466;90;35;70;19,51;36,8
Варна;2021;декември;2389;6;19;470;90;57;70;19,67;31,6
Варна;2021;ноември;2389;7;19;560;90;57;70;23,44;36,8
Варна;2021;април;2389;8;19;566;90;72;70;23,69;42,1
Варна;2021;октомври;2389;7;19;590;90;54;70;24,7;36,8
Варна;2021;март;2389;8;19;647;90;72;70;27,08;42,1
Варна;2022;януари;2389;7;19;486;90;57;70;20,34;36,8
Варна;2022;февруари;2389;7;19;486;90;67;70;20,34;36,8
Велико Търново;2020;март;1576;2;13;23;39;0;30;1,46;15,4
Велико Търново;2020;април;1576;2;13;23;39;0;30;1,46;15,4
Велико Търново;2020;май;1576;2;13;23;39;0;30;1,46;15,4
Велико Търново;2020;юни;1576;2;13;23;39;0;30;1,46;15,4
Велико Търново;2020;юли;1576;3;13;28;39;0;35;1,78;23,1
Велико Търново;2020;август;1576;4;13;36;31;0;35;2,28;30,8
Велико Търново;2020;септември;1576;4;13;50;31;0;35;3,17;30,8
Велико Търново;2020;октомври;1576;4;13;88;31;0;58;5,58;30,8
Велико Търново;2020;ноември;1576;6;13;212;41;8;129;13,45;46,2
Велико Търново;2020;декември;1576;6;13;269;41;16;123;17,07;46,2
Велико Търново;2021;юли;1576;6;13;94;41;12;44;5,96;46,2
Велико Търново;2021;юни;1576;6;13;96;41;12;40;6,09;46,2
Велико Търново;2021;декември;1576;6;13;227;39;18;84;14,4;46,2
Велико Търново;2021;август;1576;6;13;236;43;20;126;14,97;46,2
Велико Търново;2021;септември;1576;6;13;248;43;20;123;15,74;46,2
Велико Търново;2021;ноември;1576;6;13;263;43;20;142;16,69;46,2
Велико Търново;2021;януари;1576;6;13;269;41;16;123;17,07;46,2
Велико Търново;2021;февруари;1576;6;13;269;41;16;123;17,07;46,2
Велико Търново;2021;октомври;1576;6;13;277;43;22;142;17,58;46,2
Велико Търново;2021;март;1576;6;13;279;41;20;123;17,7;46,2
Велико Търново;2021;април;1576;6;13;279;41;20;133;17,7;46,2
Велико Търново;2021;май;1576;6;13;279;41;20;135;17,7;46,2
Велико Търново;2022;януари;1576;6;13;257;39;18;112;16,31;46,2
Велико Търново;2022;февруари;1576;6;13;284;39;18;128;18,02;46,2
Видин;2020;март;320;1;2;54;6;6;0;16,88;50
Видин;2020;април;320;1;2;54;6;6;0;16,88;50
Видин;2020;май;320;1;2;54;6;6;0;16,88;50
Видин;2020;юни;320;1;2;54;6;6;0;16,88;50
Видин;2020;юли;320;1;2;54;6;6;0;16,88;50
Видин;2020;август;320;1;2;54;6;6;0;16,88;50
Видин;2020;септември;320;1;2;54;6;6;0;16,88;50
Видин;2020;октомври;320;1;2;54;6;6;0;16,88;50
Видин;2020;ноември;320;2;2;91;6;2;0;28,44;100
Видин;2020;декември;320;2;2;143;6;2;0;44,69;100
Видин;2021;януари;320;2;2;81;6;2;0;25,31;100
Видин;2021;февруари;320;2;2;81;6;2;0;25,31;100
Видин;2021;март;320;2;2;81;6;2;0;25,31;100
Видин;2021;април;320;2;2;81;6;2;0;25,31;100
Видин;2021;май;320;2;2;81;6;3;0;25,31;100
Видин;2021;юни;320;2;2;45;6;3;0;14,06;100
Видин;2021;юли;320;2;2;22;6;2;0;6,88;100
Видин;2021;август;320;2;2;29;6;1;0;9,06;100
Видин;2021;септември;320;2;2;60;6;2;0;18,75;100
Видин;2021;октомври;320;2;2;86;6;2;0;26,88;100
Видин;2021;ноември;320;2;2;91;6;2;0;28,44;100
Видин;2021;декември;320;2;2;60;6;2;0;18,75;100
Видин;2022;януари;320;2;2;58;6;2;0;18,13;100
Видин;2022;февруари;320;2;2;68;6;2;0;21,25;100
Враца;2020;март;1201;0;12;24;40;0;10;2;0
Враца;2020;април;1201;0;12;24;40;0;10;2;0
Враца;2020;май;1201;1;12;44;40;0;10;3,66;8,3
Враца;2020;юни;1201;0;12;19;40;0;10;1,58;0
Враца;2020;юли;1201;0;12;43;40;6;10;3,58;0
Враца;2020;август;1201;0;12;26;40;0;10;2,16;0
Враца;2020;септември;1201;0;12;52;40;0;10;4,33;0
Враца;2020;октомври;1201;0;12;64;40;0;10;5,33;0
Враца;2020;ноември;1201;2;12;336;40;24;10;27,98;16,7
Враца;2020;декември;1201;2;12;335;40;16;10;27,89;16,7
Враца;2021;януари;1201;2;12;272;40;16;10;22,65;16,7
Враца;2021;февруари;1201;2;12;251;40;16;10;20,9;16,7
Враца;2021;март;1201;2;12;292;40;16;10;24,31;16,7
Враца;2021;април;1201;2;12;269;40;16;10;22,4;16,7
Враца;2021;май;1201;2;12;190;40;10;10;15,82;16,7
Враца;2021;юни;1201;2;12;51;40;6;10;4,25;16,7
Враца;2021;юли;1201;2;12;54;40;6;10;4,5;16,7
Враца;2021;август;1201;2;12;73;40;5;10;6,08;16,7
Враца;2021;септември;1201;2;12;104;40;9;10;8,66;16,7
Враца;2021;октомври;1201;2;12;211;40;18;10;17,57;16,7
Враца;2021;ноември;1201;3;12;251;40;18;10;20,9;25
Враца;2021;декември;1201;3;12;261;40;18;10;21,73;25
Враца;2022;януари;1201;3;12;221;40;18;10;18,4;25
Враца;2022;февруари;1201;3;12;235;40;18;10;19,57;25
Габрово;2020;март;905;2;7;30;13;0;30;3,31;28,6
Габрово;2020;април;905;2;7;30;13;0;30;3,31;28,6
Габрово;2020;май;905;2;7;30;13;0;30;3,31;28,6
Габрово;2020;юни;905;2;7;30;13;0;30;3,31;28,6
Габрово;2020;юли;905;3;7;36;13;0;30;3,98;42,9
Габрово;2020;август;905;3;7;40;13;0;34;4,42;42,9
Габрово;2020;септември;905;3;7;40;13;0;34;4,42;42,9
Габрово;2020;октомври;905;4;7;62;13;0;44;6,85;57,1
Габрово;2020;ноември;905;5;7;201;13;5;52;22,21;71,4
Габрово;2020;декември;905;5;7;272;13;5;52;30,06;71,4
Габрово;2021;януари;905;5;7;127;13;5;52;14,03;71,4
Габрово;2021;февруари;905;5;7;127;13;5;52;14,03;71,4
Габрово;2021;март;905;5;7;198;13;8;52;21,88;71,4
Габрово;2021;април;905;5;7;198;13;8;52;21,88;71,4
Габрово;2021;май;905;5;7;198;13;8;52;21,88;71,4
Габрово;2021;юни;905;5;7;77;13;7;52;8,51;71,4
Габрово;2021;юли;905;5;7;77;13;7;52;8,51;71,4
Габрово;2021;август;905;5;7;119;13;8;52;13,15;71,4
Габрово;2021;септември;905;5;7;184;13;9;52;20,33;71,4
Габрово;2021;октомври;905;5;7;214;15;11;52;23,65;71,4
Габрово;2021;ноември;905;5;7;219;15;11;52;24,2;71,4
Габрово;2021;декември;905;5;7;196;15;11;52;21,66;71,4
Габрово;2022;януари;905;5;7;215;19;13;52;23,76;71,4
Габрово;2022;февруари;905;5;7;215;19;13;52;23,76;71,4
Кюстендил;2020;март;1011;2;5;35;22;8;48;3,46;40
Кюстендил;2020;април;1011;2;5;45;22;8;46;4,45;40
Кюстендил;2020;май;1011;2;5;45;22;8;46;4,45;40
Кюстендил;2020;юни;1011;2;5;45;22;8;46;4,45;40
Кюстендил;2020;юли;1011;2;5;45;22;8;46;4,45;40
Кюстендил;2020;август;1011;2;5;45;22;8;46;4,45;40
Кюстендил;2020;септември;1011;2;5;45;22;8;46;4,45;40
Кюстендил;2020;октомври;1011;3;5;73;22;10;46;7,22;60
Кюстендил;2020;ноември;1011;3;5;195;22;12;46;19,29;60
Кюстендил;2020;декември;1011;3;5;317;22;12;46;31,36;60
Кюстендил;2021;януари;1011;3;5;150;28;12;46;14,84;60
Кюстендил;2021;февруари;1011;3;5;145;28;11;46;14,34;60
Кюстендил;2021;март;1011;3;5;208;28;13;46;20,57;60
Кюстендил;2021;април;1011;3;5;208;28;13;46;20,57;60
Кюстендил;2021;май;1011;3;5;143;28;13;46;14,14;60
Кюстендил;2021;юни;1011;3;5;88;28;9;46;8,7;60
Кюстендил;2021;юли;1011;3;5;68;28;5;46;6,73;60
Кюстендил;2021;август;1011;3;5;88;28;7;46;8,7;60
Кюстендил;2021;септември;1011;3;5;153;28;15;46;15,13;60
Кюстендил;2021;октомври;1011;3;5;197;28;15;46;19,49;60
Кюстендил;2021;ноември;1011;3;5;199;28;15;46;19,68;60
Кюстендил;2021;декември;1011;3;5;149;28;15;46;14,74;60
Кюстендил;2022;януари;1011;3;5;165;28;13;46;16,32;60
Кюстендил;2022;февруари;1011;3;5;205;28;13;46;20,28;60
Монтана;2020;март;994;4;5;62;22;5;5;6,24;80
Монтана;2020;април;994;4;5;62;22;5;5;6,24;80
Монтана;2020;май;994;4;5;52;22;5;5;5,23;80
Монтана;2020;юни;994;4;5;52;22;5;11;5,23;80
Монтана;2020;юли;994;4;5;52;22;5;11;5,23;80
Монтана;2020;август;994;4;5;55;22;5;11;5,53;80
Монтана;2020;септември;994;4;5;55;22;5;11;5,53;80
Монтана;2020;октомври;994;4;5;93;22;5;0;9,36;80
Монтана;2020;ноември;994;4;5;262;22;5;0;26,36;80
Монтана;2020;декември;994;4;5;262;22;5;0;26,36;80
Монтана;2021;януари;994;4;5;262;22;5;0;26,36;80
Монтана;2021;февруари;994;4;5;138;22;5;21;13,88;80
Монтана;2021;март;994;4;5;263;22;5;0;26,46;80
Монтана;2021;април;994;4;5;263;22;5;0;26,46;80
Монтана;2021;май;994;4;5;246;22;5;5;24,75;80
Монтана;2021;юни;994;4;5;103;22;4;20;10,36;80
Монтана;2021;юли;994;4;5;29;22;2;31;2,92;80
Монтана;2021;август;994;4;5;114;22;6;18;11,47;80
Монтана;2021;септември;994;4;5;189;22;7;5;19,01;80
Монтана;2021;октомври;994;4;5;261;22;10;0;26,26;80
Монтана;2021;ноември;994;4;5;279;22;8;0;28,07;80
Монтана;2021;декември;994;4;5;238;22;6;0;23,94;80
Монтана;2022;януари;994;4;5;240;22;8;0;24,14;80
Монтана;2022;февруари;994;4;5;240;22;6;10;24,14;80
Перник;2020;март;447;3;4;0;10;0;15;0;75
Перник;2020;април;447;3;4;0;10;0;15;0;75
Перник;2020;май;447;3;4;0;10;0;15;0;75
Перник;2020;юни;447;3;4;0;10;0;15;0;75
Перник;2020;юли;447;3;4;0;10;0;15;0;75
Перник;2020;август;447;3;4;0;10;0;15;0;75
Перник;2020;септември;447;3;4;0;10;0;15;0;75
Перник;2020;октомври;447;3;4;79;10;0;15;17,67;75
Перник;2020;ноември;447;3;4;166;10;0;15;37,14;75
Перник;2020;декември;447;3;4;181;10;0;15;40,49;75
Перник;2021;януари;447;3;4;181;10;10;15;40,49;75
Перник;2021;февруари;447;3;4;181;10;10;15;40,49;75
Перник;2021;март;447;3;4;213;10;10;15;47,65;75
Перник;2021;април;447;3;4;197;10;10;15;44,07;75
Перник;2021;май;447;3;4;179;10;10;15;40,04;75
Перник;2021;юни;447;3;4;63;10;5;15;14,09;75
Перник;2021;юли;447;3;4;52;10;2;15;11,63;75
Перник;2021;август;447;3;4;36;10;4;15;8,05;75
Перник;2021;септември;447;3;4;87;10;6;15;19,46;75
Перник;2021;октомври;447;3;4;174;10;9;15;38,93;75
Перник;2021;ноември;447;3;4;202;10;9;15;45,19;75
Перник;2021;декември;447;3;4;138;10;9;15;30,87;75
Перник;2022;януари;447;3;4;143;10;9;15;31,99;75
Перник;2022;февруари;447;3;4;123;10;9;15;27,52;75
Плевен;2020;март;2053;1;14;56;105;0;40;2,73;7,1
Плевен;2020;април;2053;3;14;88;105;3;40;4,29;21,4
Плевен;2020;май;2053;3;14;88;105;5;40;4,29;21,4
Плевен;2020;юни;2053;3;14;88;105;7;40;4,29;21,4
Плевен;2020;юли;2227;10;14;116;105;11;40;5,21;71,4
Плевен;2020;август;2272;10;14;116;105;11;40;5,11;71,4
Плевен;2020;септември;2272;10;14;116;105;11;40;5,11;71,4
Плевен;2020;октомври;2272;10;14;116;105;11;40;5,11;71,4
Плевен;2020;ноември;2477;14;14;492;105;24;40;19,86;100
Плевен;2020;декември;2477;14;14;521;105;33;40;21,03;100
Плевен;2021;януари;2611;14;14;462;115;24;40;17,69;100
Плевен;2021;февруари;2611;13;14;240;115;24;40;9,19;92,9
Плевен;2021;март;2611;14;14;513;115;35;40;19,65;100
Плевен;2021;април;2611;14;14;558;115;39;40;21,37;100
Плевен;2021;май;2611;13;14;329;115;39;40;12,6;92,9
Плевен;2021;юни;2611;9;14;203;115;15;40;7,77;64,3
Плевен;2021;юли;2621;1;14;60;115;3;40;2,29;7,1
Плевен;2021;август;2624;1;14;77;115;3;40;2,93;7,1
Плевен;2021;септември;2624;10;14;206;115;17;40;7,85;71,4
Плевен;2021;октомври;2624;10;14;227;115;21;40;8,65;71,4
Плевен;2021;ноември;2624;13;14;278;115;21;40;10,59;92,9
Плевен;2021;декември;2679;13;14;278;115;21;40;10,38;92,9
Плевен;2022;януари;2679;13;14;278;115;21;40;10,38;92,9
Плевен;2022;февруари;2679;13;14;299;117;26;40;11,16;92,9
Пловдив;2020;март;7617;13;39;315;242;50;84;4,14;33,3
Пловдив;2020;април;7617;15;39;334;242;68;84;4,38;38,5
Пловдив;2020;май;7617;15;39;334;242;68;84;4,38;38,5
Пловдив;2020;юни;7617;15;39;334;242;68;84;4,38;38,5
Пловдив;2020;юли;7617;16;39;373;242;68;84;4,9;41
Пловдив;2020;август;7617;16;39;372;242;62;84;4,88;41
Пловдив;2020;септември;7617;16;39;398;242;48;84;5,23;41
Пловдив;2020;октомври;7617;17;39;537;242;75;84;7,05;43,6
Пловдив;2020;ноември;7617;21;39;1030;242;93;84;13,52;53,8
Пловдив;2020;декември;7617;21;39;1212;242;101;84;15,91;53,8
Пловдив;2021;януари;7691;21;39;1002;250;95;84;13,03;53,8
Пловдив;2021;февруари;7691;21;39;916;250;91;84;11,91;53,8
Пловдив;2021;март;7691;21;39;1159;250;106;84;15,07;53,8
Пловдив;2021;април;7691;21;39;1244;250;116;84;16,17;53,8
Пловдив;2021;май;7691;21;39;993;250;129;84;12,91;53,8
Пловдив;2021;юни;7691;20;39;456;250;86;84;5,93;51,3
Пловдив;2021;юли;7691;18;39;287;250;77;84;3,73;46,2
Пловдив;2021;август;7691;12;39;449;250;66;84;5,84;30,8
Пловдив;2021;септември;7691;19;39;716;250;95;84;9,31;48,7
Пловдив;2021;октомври;7691;19;39;846;250;104;84;11;48,7
Пловдив;2021;ноември;7691;19;39;986;250;139;84;12,82;48,7
Пловдив;2021;декември;7691;19;39;1005;250;140;84;13,07;48,7
Пловдив;2022;януари;7743;19;39;718;260;127;84;9,27;48,7
Пловдив;2022;февруари;7743;19;39;785;260;125;84;10,14;48,7
Разград;2020;март;553;3;3;116;22;16;10;20,98;100
Разград;2020;април;553;3;3;116;22;16;10;20,98;100
Разград;2020;май;553;3;3;116;22;16;15;20,98;100
Разград;2020;юни;553;3;3;116;22;16;15;20,98;100
Разград;2020;юли;553;3;3;50;22;0;15;9,04;100
Разград;2020;август;553;3;3;50;22;0;15;9,04;100
Разград;2020;септември;553;3;3;50;22;0;15;9,04;100
Разград;2020;октомври;553;3;3;65;22;0;15;11,75;100
Разград;2020;ноември;553;3;3;105;22;0;15;18,99;100
Разград;2020;декември;553;3;3;159;22;0;15;28,75;100
Разград;2021;януари;553;3;3;81;22;3;15;14,65;100
Разград;2021;февруари;553;3;3;61;22;3;18;11,03;100
Разград;2021;март;553;3;3;103;22;5;18;18,63;100
Разград;2021;април;553;3;3;161;22;6;18;29,11;100
Разград;2021;май;553;3;3;77;22;6;18;13,92;100
Разград;2021;юни;553;3;3;38;22;4;18;6,87;100
Разград;2021;юли;553;3;3;25;22;2;18;4,52;100
Разград;2021;август;553;3;3;37;22;6;15;6,69;100
Разград;2021;септември;553;3;3;103;22;11;25;18,63;100
Разград;2021;октомври;553;3;3;111;22;12;25;20,07;100
Разград;2021;ноември;553;3;3;144;22;12;25;26,04;100
Разград;2021;декември;553;3;3;116;22;12;25;20,98;100
Разград;2022;януари;553;3;3;121;22;12;25;21,88;100
Разград;2022;февруари;553;3;3;124;22;12;25;22,42;100
Русе;2020;март;1850;4;10;279;54;48;20;15,08;40
Русе;2020;април;1850;4;10;279;54;48;20;15,08;40
Русе;2020;май;1850;4;10;279;54;48;20;15,08;40
Русе;2020;юни;1850;4;10;279;54;48;20;15,08;40
Русе;2020;юли;1850;4;10;279;54;48;20;15,08;40
Русе;2020;август;1850;4;10;279;54;48;20;15,08;40
Русе;2020;септември;1850;4;10;143;54;33;20;7,73;40
Русе;2020;октомври;1850;4;10;160;36;33;20;8,65;40
Русе;2020;ноември;1850;5;10;478;68;19;20;25,84;50
Русе;2020;декември;1850;5;10;487;89;37;20;26,32;50
Русе;2021;януари;1880;5;10;378;89;37;20;20,11;50
Русе;2021;февруари;1880;5;10;272;89;34;20;14,47;50
Русе;2021;март;1880;5;10;464;95;43;20;24,68;50
Русе;2021;април;1880;5;10;346;100;56;20;18,4;50
Русе;2021;май;1880;5;10;201;100;48;20;10,69;50
Русе;2021;юни;1880;5;10;118;94;28;20;6,28;50
Русе;2021;юли;1880;5;10;61;80;14;20;3,24;50
Русе;2021;август;1880;5;10;208;92;41;20;11,06;50
Русе;2021;септември;1880;5;10;263;109;61;20;13,99;50
Русе;2021;октомври;1880;5;10;278;118;70;20;14,79;50
Русе;2021;ноември;1880;5;10;322;114;70;20;17,13;50
Русе;2021;декември;1880;6;10;325;114;70;20;17,29;60
Русе;2022;януари;1966;6;10;325;114;70;20;16,53;60
Русе;2022;февруари;1966;6;10;313;107;63;20;15,92;60
Сливен;2020;март;1167;2;8;46;27;0;48;3,94;25
Сливен;2020;април;1167;4;8;96;27;0;48;8,23;50
Сливен;2020;май;1167;4;8;93;27;0;48;7,97;50
Сливен;2020;юни;1167;5;8;96;27;0;48;8,23;62,5
Сливен;2020;юли;1167;5;8;96;27;0;48;8,23;62,5
Сливен;2020;август;1167;5;8;96;27;0;48;8,23;62,5
Сливен;2020;септември;1167;5;8;98;27;0;48;8,4;62,5
Сливен;2020;октомври;1167;5;8;117;27;0;48;10,03;62,5
Сливен;2020;ноември;1167;5;8;210;43;15;48;17,99;62,5
Сливен;2020;декември;1167;5;8;210;43;15;48;17,99;62,5
Сливен;2021;януари;1167;5;8;206;43;15;48;17,65;62,5
Сливен;2021;февруари;1167;5;8;206;43;15;48;17,65;62,5
Сливен;2021;март;1167;5;8;299;40;12;48;25,62;62,5
Сливен;2021;април;1167;5;8;279;40;12;48;23,91;62,5
Сливен;2021;май;1167;5;8;165;40;12;48;14,14;62,5
Сливен;2021;юни;1167;5;8;120;39;7;48;10,28;62,5
Сливен;2021;юли;1167;5;8;77;39;6;48;6,6;62,5
Сливен;2021;август;1120;4;8;123;32;6;48;10,98;50
Сливен;2021;септември;1120;4;8;230;36;10;48;20,54;50
Сливен;2021;октомври;1120;4;8;274;40;14;48;24,46;50
Сливен;2021;ноември;1120;4;8;241;40;18;48;21,52;50
Сливен;2021;декември;1120;4;8;191;40;18;48;17,05;50
Сливен;2022;януари;1120;4;8;246;40;18;40;21,96;50
Сливен;2022;февруари;1120;4;8;226;40;18;40;20,18;50
Смолян;2020;март;1059;4;8;86;9;9;13;8,12;50
Смолян;2020;април;1059;4;8;159;9;9;15;15,01;50
Смолян;2020;май;1059;4;8;163;9;9;19;15,39;50
Смолян;2020;юни;1059;4;8;157;9;9;13;14,83;50
Смолян;2020;юли;1059;4;8;157;9;9;13;14,83;50
Смолян;2020;август;1059;4;8;157;9;9;13;14,83;50
Смолян;2020;септември;1059;4;8;179;9;9;20;16,9;50
Смолян;2020;октомври;1059;4;8;158;9;5;20;14,92;50
Смолян;2020;ноември;1059;4;8;158;12;7;34;14,92;50
Смолян;2020;декември;1059;4;8;180;12;11;38;17;50
Смолян;2021;януари;1059;4;8;224;12;10;40;21,15;50
Смолян;2021;февруари;1059;4;8;204;12;9;39;19,26;50
Смолян;2021;март;1060;4;8;209;12;9;40;19,72;50
Смолян;2021;април;1060;4;8;246;12;11;60;23,21;50
Смолян;2021;май;1060;4;8;212;12;11;56;20;50
Смолян;2021;юни;1060;4;8;82;12;6;30;7,74;50
Смолян;2021;юли;1060;4;8;53;12;6;30;5;50
Смолян;2021;август;1060;4;8;62;12;6;32;5,85;50
Смолян;2021;септември;1060;4;8;121;12;8;41;11,42;50
Смолян;2021;октомври;1060;4;8;142;12;10;42;13,4;50
Смолян;2021;ноември;1060;4;8;176;12;11;60;16,6;50
Смолян;2021;декември;1060;4;8;174;12;11;60;16,42;50
Смолян;2022;януари;1060;4;8;173;12;11;60;16,32;50
Смолян;2022;февруари;1060;4;8;176;12;11;60;16,6;50
София-град;2020;март;12291;6;74;311;665;121;213;2,53;8,1
София-град;2020;април;12214;19;74;333;665;121;213;2,73;25,7
София-град;2020;май;12262;19;74;320;665;121;213;2,61;25,7
София-град;2020;юни;12314;9;74;383;665;135;213;3,11;12,2
София-град;2020;юли;12314;12;74;349;665;122;213;2,83;16,2
София-град;2020;август;12314;13;74;387;665;135;223;3,14;17,6
София-град;2020;септември;12314;13;74;583;682;101;223;4,73;17,6
София-град;2020;октомври;12314;22;74;898;682;119;220;7,29;29,7
София-град;2020;ноември;12254;70;74;2771;752;269;496;22,61;94,6
София-град;2020;декември;12254;70;74;2756;770;275;496;22,49;94,6
София-град;2021;януари;12215;42;74;2536;769;265;428;20,76;56,8
София-град;2021;февруари;12247;42;74;2238;771;253;438;18,27;56,8
София-град;2021;март;12270;70;74;3460;873;426;745;28,2;94,6
София-град;2021;април;12309;70;74;3378;888;433;745;27,44;94,6
София-град;2021;май;12288;39;74;2347;774;269;485;19,1;52,7
София-град;2021;юни;12262;28;74;944;757;177;242;7,7;37,8
София-град;2021;юли;12261;24;74;356;734;61;192;2,9;32,4
София-град;2021;август;12303;23;74;959;734;96;237;7,79;31,1
София-град;2021;септември;12317;18;74;1316;761;195;258;10,68;24,3
София-град;2021;октомври;12339;30;74;3061;766;306;567;24,81;40,5
София-град;2021;ноември;12274;71;74;3181;819;448;595;25,92;95,9
София-град;2021;декември;12274;39;74;1851;788;308;376;15,08;52,7
София-град;2022;януари;12239;40;74;2034;777;307;462;16,62;54,1
София-град;2022;февруари;12231;37;74;1802;769;299;383;14,73;50
Шумен;2020;март;762;0;5;0;28;0;20;0;0
Шумен;2020;април;762;0;5;0;28;0;20;0;0
Шумен;2020;май;762;0;5;0;28;0;20;0;0
Шумен;2020;юни;762;0;5;0;28;0;20;0;0
Шумен;2020;юли;747;0;5;0;28;0;35;0;0
Шумен;2020;август;747;0;5;0;28;0;35;0;0
Шумен;2020;септември;747;0;5;0;28;0;35;0;0
Шумен;2020;октомври;747;0;5;0;28;0;60;0;0
Шумен;2020;ноември;747;3;5;213;26;4;65;28,51;60
Шумен;2020;декември;747;3;5;235;26;8;65;31,46;60
Шумен;2021;януари;741;3;5;238;30;8;60;32,12;60
Шумен;2021;февруари;780;3;5;224;32;8;60;28,72;60
Шумен;2021;март;775;3;5;241;32;8;60;31,1;60
Шумен;2021;април;775;3;5;275;30;8;70;35,48;60
Шумен;2021;май;741;3;5;143;28;4;45;19,3;60
Шумен;2021;юни;741;3;5;79;28;4;35;10,66;60
Шумен;2021;юли;741;2;5;73;28;4;35;9,85;40
Шумен;2021;август;741;2;5;103;28;4;47;13,9;40
Шумен;2021;септември;741;3;5;208;26;8;60;28,07;60
Шумен;2021;октомври;741;2;5;188;28;8;60;25,37;40
Шумен;2021;ноември;741;3;5;234;26;8;60;31,58;60
Шумен;2021;декември;741;3;5;234;26;8;60;31,58;60
Шумен;2022;януари;721;3;5;198;28;8;60;27,46;60
Шумен;2022;февруари;721;3;5;199;28;8;60;27,6;60
Ямбол;2020;март;452;1;4;10;23;0;10;2,21;25
Ямбол;2020;април;452;1;4;10;23;0;10;2,21;25
Ямбол;2020;май;452;1;4;10;23;0;10;2,21;25
Ямбол;2020;юни;452;1;4;10;23;0;10;2,21;25
Ямбол;2020;юли;452;1;4;10;23;0;10;2,21;25
Ямбол;2020;август;452;1;4;10;23;0;10;2,21;25
Ямбол;2020;септември;452;1;4;10;23;0;10;2,21;25
Ямбол;2020;октомври;452;4;4;40;23;0;20;8,85;100
Ямбол;2020;ноември;452;4;4;111;23;6;20;24,56;100
Ямбол;2020;декември;452;3;4;121;23;11;20;26,77;75
Ямбол;2021;януари;452;4;4;189;24;7;20;41,81;100
Ямбол;2021;февруари;452;4;4;133;24;7;20;29,42;100
Ямбол;2021;март;452;4;4;161;24;9;20;35,62;100
Ямбол;2021;април;452;4;4;161;24;9;20;35,62;100
Ямбол;2021;май;452;4;4;67;24;3;20;14,82;100
Ямбол;2021;юни;452;4;4;61;24;6;20;13,5;100
Ямбол;2021;юли;452;4;4;61;24;6;20;13,5;100
Ямбол;2021;август;452;4;4;62;24;6;20;13,72;100
Ямбол;2021;септември;452;4;4;134;24;10;20;29,65;100
Ямбол;2021;октомври;452;4;4;166;24;8;20;36,73;100
Ямбол;2021;ноември;452;4;4;159;24;8;22;35,18;100
Ямбол;2021;декември;452;4;4;128;24;6;22;28,32;100
Ямбол;2022;януари;452;4;4;132;24;6;22;29,2;100
Ямбол;2022;февруари;452;4;4;141;24;6;22;31,19;100
Бургас;2020;март;3050;2;18;22;67;12;35;0,72;11,1
Бургас;2020;април;3050;3;18;32;67;12;35;1,05;16,7
Бургас;2020;май;3050;2;18;22;67;12;35;0,72;11,1
Бургас;2020;юни;3050;2;18;22;77;12;53;0,72;11,1
Бургас;2020;юли;3050;2;18;22;77;12;53;0,72;11,1
Бургас;2020;август;3050;4;18;76;77;12;53;2,49;22,2
Бургас;2020;септември;3050;5;18;91;77;12;53;2,98;27,8
Бургас;2020;октомври;3050;12;18;257;77;19;53;8,43;66,7
Бургас;2020;ноември;3050;11;18;583;77;28;53;19,11;61,1
Бургас;2020;декември;3050;11;18;614;89;28;53;20,13;61,1
Бургас;2021;януари;3050;11;18;493;89;24;53;16,16;61,1
Бургас;2021;февруари;3050;11;18;422;89;22;53;13,84;61,1
Бургас;2021;март;3050;11;18;617;89;29;53;20,23;61,1
Бургас;2021;април;3050;11;18;727;89;29;53;23,84;61,1
Бургас;2021;май;3050;11;18;398;89;25;53;13,05;61,1
Бургас;2021;юни;3050;5;18;92;89;14;53;3,02;27,8
Бургас;2021;юли;3050;7;18;74;89;4;53;2,43;38,9
Бургас;2021;август;3050;10;18;251;89;24;53;8,23;55,6
Бургас;2021;септември;3050;10;18;330;89;24;53;10,82;55,6
Бургас;2021;октомври;3050;11;18;340;89;27;53;11,15;61,1
Бургас;2021;ноември;3050;11;18;387;89;30;53;12,69;61,1
Бургас;2021;декември;3050;11;18;387;117;28;53;12,69;61,1
Бургас;2022;януари;3050;11;18;430;117;36;53;14,1;61,1
Бургас;2022;февруари;3050;11;18;387;117;43;53;12,69;61,1
Кърджали;2020;март;769;2;6;16;19;0;14;2,08;33,3
Кърджали;2020;април;769;2;6;16;19;0;14;2,08;33,3
Кърджали;2020;май;769;2;6;16;19;0;14;2,08;33,3
Кърджали;2020;юни;769;2;6;16;19;0;14;2,08;33,3
Кърджали;2020;юли;769;2;6;26;19;4;24;3,38;33,3
Кърджали;2020;август;769;2;6;26;19;4;24;3,38;33,3
Кърджали;2020;септември;769;2;6;26;19;4;24;3,38;33,3
Кърджали;2020;октомври;769;4;6;53;19;6;24;6,89;66,7
Кърджали;2020;ноември;769;4;6;79;19;8;24;10,27;66,7
Кърджали;2020;декември;769;5;6;190;19;10;50;24,71;83,3
Кърджали;2021;януари;769;5;6;189;19;10;50;24,58;83,3
Кърджали;2021;февруари;769;5;6;103;19;10;24;13,39;83,3
Кърджали;2021;март;769;5;6;154;19;10;46;20,03;83,3
Кърджали;2021;април;769;5;6;179;19;12;46;23,28;83,3
Кърджали;2021;май;769;5;6;130;19;12;42;16,91;83,3
Кърджали;2021;юни;769;5;6;38;19;10;20;4,94;83,3
Кърджали;2021;юли;769;5;6;32;19;2;18;4,16;83,3
Кърджали;2021;август;769;5;6;61;19;3;20;7,93;83,3
Кърджали;2021;септември;769;5;6;104;19;6;44;13,52;83,3
Кърджали;2021;октомври;769;5;6;107;19;6;44;13,91;83,3
Кърджали;2021;ноември;769;5;6;137;19;9;44;17,82;83,3
Кърджали;2021;декември;769;5;6;89;19;9;20;11,57;83,3
Кърджали;2022;януари;769;5;6;91;19;9;20;11,83;83,3
Кърджали;2022;февруари;769;5;6;103;19;5;20;13,39;83,3
Хасково;2020;март;1093;1;11;12;38;0;22;1,1;9,1
Хасково;2020;април;1093;2;11;12;38;0;22;1,1;18,2
Хасково;2020;май;1093;4;11;12;38;0;22;1,1;36,4
Хасково;2020;юни;1093;4;11;12;38;0;22;1,1;36,4
Хасково;2020;юли;1093;5;11;12;38;0;22;1,1;45,5
Хасково;2020;август;1093;6;11;27;38;0;22;2,47;54,5
Хасково;2020;септември;1093;6;11;27;38;0;22;2,47;54,5
Хасково;2020;октомври;1093;7;11;46;38;0;22;4,21;63,6
Хасково;2020;ноември;1093;8;11;163;38;10;22;14,91;72,7
Хасково;2020;декември;1093;8;11;285;38;30;22;26,08;72,7
Хасково;2021;януари;1093;8;11;324;38;26;22;29,64;72,7
Хасково;2021;февруари;1093;9;11;316;38;26;22;28,91;81,8
Хасково;2021;март;1093;9;11;224;38;26;22;20,49;81,8
Хасково;2021;април;1093;9;11;351;38;26;22;32,11;81,8
Хасково;2021;май;1093;9;11;179;38;19;22;16,38;81,8
Хасково;2021;юни;1093;9;11;95;38;8;22;8,69;81,8
Хасково;2021;юли;1093;9;11;78;38;6;22;7,14;81,8
Хасково;2021;август;1093;9;11;173;38;13;22;15,83;81,8
Хасково;2021;септември;1093;9;11;235;38;23;22;21,5;81,8
Хасково;2021;октомври;1093;9;11;264;38;28;22;24,15;81,8
Хасково;2021;ноември;1093;9;11;279;38;30;22;25,53;81,8
Хасково;2021;декември;1093;8;11;279;38;30;22;25,53;72,7
Хасково;2022;януари;1093;8;11;279;38;30;22;25,53;72,7
Хасково;2022;февруари;1093;8;11;283;38;34;22;25,89;72,7
