region,year ,region_id,month,date,period,hospital_beds,COVID_hospitals,Hospitals,COVID_Beds,Intensive_COVID_beds,ID_Beds,Infection_beds,COVID_proportion,Hospitals_involved
Благоевград,2020,1,март,15/03/2020,1.00,1815,5,11,50,57,10,69,2.75,45.5
Благоевград,2020,1,април,15/04/2020,2.00,1815,5,11,94,57,12,69,5.18,45.5
Благоевград,2020,1,май,15/05/2020,3.00,1815,5,11,128,57,17,69,7.05,45.5
Благоевград,2020,1,юни,15/06/2020,4.00,1815,6,11,156,57,20,69,8.60,54.5
Благоевград,2020,1,юли,15/07/2020,5.00,1815,6,11,187,57,20,69,10.30,54.5
Благоевград,2020,1,август,15/08/2020,6.00,1815,6,11,226,57,22,69,12.45,54.5
Благоевград,2020,1,септември,15/09/2020,7.00,1815,6,11,345,57,22,69,19.01,54.5
Благоевград,2020,1,октомври,15/10/2020,8.00,1815,6,11,482,57,24,69,26.56,54.5
Благоевград,2020,1,ноември,15/11/2020,9.00,1815,7,11,567,57,26,69,31.24,63.6
Благоевград,2020,1,декември,15/12/2020,10.00,1815,7,11,620,57,29,69,34.16,63.6
Благоевград,2021,1,януари,15/01/2021,11.00,1815,7,11,517,57,29,69,28.48,63.6
Благоевград,2021,1,февруари,15/02/2021,12.00,1815,7,11,375,57,18,69,20.66,63.6
Благоевград,2021,1,март,15/03/2021,13.00,1815,7,11,466,57,19,69,25.67,63.6
Благоевград,2021,1,април,15/04/2021,14.00,1815,7,11,569,57,24,69,31.35,63.6
Благоевград,2021,1,май,15/05/2021,15.00,1815,7,11,400,57,21,69,22.04,63.6
Благоевград,2021,1,юни,15/06/2021,16.00,1815,7,11,304,57,18,69,16.75,63.6
Благоевград,2021,1,юли,15/07/2021,17.00,1815,7,11,214,57,18,69,11.79,63.6
Благоевград,2022,1,февруари,15/02/2021,24.00,1815,7,11,397,57,25,69,21.87,63.6
Благоевград,2022,1,януари,15/01/2022,23.00,1815,7,11,399,57,25,69,21.98,63.6
Благоевград,2021,1,август,15/08/2021,18.00,1815,7,11,114,57,11,69,6.28,63.6
Благоевград,2021,1,септември,15/09/2021,19.00,1815,7,11,334,57,21,69,18.40,63.6
Благоевград,2021,1,октомври,15/10/2021,20.00,1815,7,11,405,57,21,69,22.31,63.6
Благоевград,2021,1,ноември,15/11/2021,21.00,1815,7,11,479,57,27,69,26.39,63.6
Благоевград,2021,1,декември,15/12/2021,22.00,1815,7,11,387,57,25,69,21.32,63.6
Бургас,2020,2,март,15/03/2020,1.00,3050,2,18,22,67,12,35,0.72,11.1
Бургас,2020,2,април,15/04/2020,2.00,3050,3,18,32,67,12,35,1.05,16.7
Бургас,2020,2,май,15/05/2020,3.00,3050,2,18,22,67,12,35,0.72,11.1
Бургас,2020,2,юни,15/06/2020,4.00,3050,2,18,22,77,12,53,0.72,11.1
Бургас,2020,2,юли,15/07/2020,5.00,3050,2,18,22,77,12,53,0.72,11.1
Бургас,2020,2,август,15/08/2020,6.00,3050,4,18,76,77,12,53,2.49,22.2
Бургас,2020,2,септември,15/09/2020,7.00,3050,5,18,91,77,12,53,2.98,27.8
Бургас,2020,2,октомври,15/10/2020,8.00,3050,12,18,257,77,19,53,8.43,66.7
Бургас,2020,2,ноември,15/11/2020,9.00,3050,11,18,583,77,28,53,19.11,61.1
Бургас,2020,2,декември,15/12/2020,10.00,3050,11,18,614,89,28,53,20.13,61.1
Бургас,2021,2,януари,15/01/2021,11.00,3050,11,18,493,89,24,53,16.16,61.1
Бургас,2021,2,февруари,15/02/2021,12.00,3050,11,18,422,89,22,53,13.84,61.1
Бургас,2021,2,март,15/03/2021,13.00,3050,11,18,617,89,29,53,20.23,61.1
Бургас,2021,2,април,15/04/2021,14.00,3050,11,18,727,89,29,53,23.84,61.1
Бургас,2021,2,май,15/05/2021,15.00,3050,11,18,398,89,25,53,13.05,61.1
Бургас,2021,2,юни,15/06/2021,16.00,3050,5,18,92,89,14,53,3.02,27.8
Бургас,2021,2,юли,15/07/2021,17.00,3050,7,18,74,89,4,53,2.43,38.9
Бургас,2022,2,февруари,15/02/2021,24.00,3050,11,18,387,117,43,53,12.69,61.1
Бургас,2022,2,януари,15/01/2022,23.00,3050,11,18,430,117,36,53,14.10,61.1
Бургас,2021,2,август,15/08/2021,18.00,3050,10,18,251,89,24,53,8.23,55.6
Бургас,2021,2,септември,15/09/2021,19.00,3050,10,18,330,89,24,53,10.82,55.6
Бургас,2021,2,октомври,15/10/2021,20.00,3050,11,18,340,89,27,53,11.15,61.1
Бургас,2021,2,ноември,15/11/2021,21.00,3050,11,18,387,89,30,53,12.69,61.1
Бургас,2021,2,декември,15/12/2021,22.00,3050,11,18,387,117,28,53,12.69,61.1
Варна,2020,3,март,15/03/2020,1.00,2389,1,19,70,90,0,70,2.93,5.3
Варна,2020,3,април,15/04/2020,2.00,2389,1,19,70,90,0,70,2.93,5.3
Варна,2020,3,май,15/05/2020,3.00,2389,1,19,70,90,0,70,2.93,5.3
Варна,2020,3,юни,15/06/2020,4.00,2389,1,19,70,90,0,70,2.93,5.3
Варна,2020,3,юли,15/07/2020,5.00,2389,1,19,70,90,0,70,2.93,5.3
Варна,2020,3,август,15/08/2020,6.00,2389,4,19,110,90,5,70,4.60,21.1
Варна,2020,3,септември,15/09/2020,7.00,2389,4,19,110,90,5,70,4.60,21.1
Варна,2020,3,октомври,15/10/2020,8.00,2389,5,19,161,90,20,70,6.74,26.3
Варна,2020,3,ноември,15/11/2020,9.00,2426,8,19,468,127,45,70,19.29,42.1
Варна,2020,3,декември,15/12/2020,10.00,2426,8,19,511,127,45,70,21.06,42.1
Варна,2021,3,януари,15/01/2021,11.00,2426,8,19,334,127,23,70,13.77,42.1
Варна,2021,3,февруари,15/02/2021,12.00,2389,8,19,261,90,45,70,10.93,42.1
Варна,2021,3,март,15/03/2021,13.00,2389,8,19,647,90,72,70,27.08,42.1
Варна,2021,3,април,15/04/2021,14.00,2389,8,19,566,90,72,70,23.69,42.1
Варна,2021,3,май,15/05/2021,15.00,2389,7,19,264,90,33,70,11.05,36.8
Варна,2021,3,юни,15/06/2021,16.00,2389,6,19,189,90,5,70,7.91,31.6
Варна,2021,3,юли,15/07/2021,17.00,2389,1,19,82,90,7,70,3.43,5.3
Варна,2022,3,февруари,15/02/2021,24.00,2389,7,19,486,90,67,70,20.34,36.8
Варна,2022,3,януари,15/01/2022,23.00,2389,7,19,486,90,57,70,20.34,36.8
Варна,2021,3,август,15/08/2021,18.00,2389,7,19,304,90,32,70,12.72,36.8
Варна,2021,3,септември,15/09/2021,19.00,2389,7,19,466,90,35,70,19.51,36.8
Варна,2021,3,октомври,15/10/2021,20.00,2389,7,19,590,90,54,70,24.70,36.8
Варна,2021,3,ноември,15/11/2021,21.00,2389,7,19,560,90,57,70,23.44,36.8
Варна,2021,3,декември,15/12/2021,22.00,2389,6,19,470,90,57,70,19.67,31.6
Велико Търново,2020,4,март,15/03/2020,1.00,1576,2,13,23,39,0,30,1.46,15.4
Велико Търново,2020,4,април,15/04/2020,2.00,1576,2,13,23,39,0,30,1.46,15.4
Велико Търново,2020,4,май,15/05/2020,3.00,1576,2,13,23,39,0,30,1.46,15.4
Велико Търново,2020,4,юни,15/06/2020,4.00,1576,2,13,23,39,0,30,1.46,15.4
Велико Търново,2020,4,юли,15/07/2020,5.00,1576,3,13,28,39,0,35,1.78,23.1
Велико Търново,2020,4,август,15/08/2020,6.00,1576,4,13,36,31,0,35,2.28,30.8
Велико Търново,2020,4,септември,15/09/2020,7.00,1576,4,13,50,31,0,35,3.17,30.8
Велико Търново,2020,4,октомври,15/10/2020,8.00,1576,4,13,88,31,0,58,5.58,30.8
Велико Търново,2020,4,ноември,15/11/2020,9.00,1576,6,13,212,41,8,129,13.45,46.2
Велико Търново,2020,4,декември,15/12/2020,10.00,1576,6,13,269,41,16,123,17.07,46.2
Велико Търново,2021,4,януари,15/01/2021,11.00,1576,6,13,269,41,16,123,17.07,46.2
Велико Търново,2021,4,февруари,15/02/2021,12.00,1576,6,13,269,41,16,123,17.07,46.2
Велико Търново,2021,4,март,15/03/2021,13.00,1576,6,13,279,41,20,123,17.70,46.2
Велико Търново,2021,4,април,15/04/2021,14.00,1576,6,13,279,41,20,133,17.70,46.2
Велико Търново,2021,4,май,15/05/2021,15.00,1576,6,13,279,41,20,135,17.70,46.2
Велико Търново,2021,4,юни,15/06/2021,16.00,1576,6,13,96,41,12,40,6.09,46.2
Велико Търново,2021,4,юли,15/07/2021,17.00,1576,6,13,94,41,12,44,5.96,46.2
Велико Търново,2022,4,февруари,15/02/2021,24.00,1576,6,13,284,39,18,128,18.02,46.2
Велико Търново,2022,4,януари,15/01/2022,23.00,1576,6,13,257,39,18,112,16.31,46.2
Велико Търново,2021,4,август,15/08/2021,18.00,1576,6,13,236,43,20,126,14.97,46.2
Велико Търново,2021,4,септември,15/09/2021,19.00,1576,6,13,248,43,20,123,15.74,46.2
Велико Търново,2021,4,октомври,15/10/2021,20.00,1576,6,13,277,43,22,142,17.58,46.2
Велико Търново,2021,4,ноември,15/11/2021,21.00,1576,6,13,263,43,20,142,16.69,46.2
Велико Търново,2021,4,декември,15/12/2021,22.00,1576,6,13,227,39,18,84,14.40,46.2
Видин,2020,5,март,15/03/2020,1.00,320,1,2,54,6,6,0,16.88,50.0
Видин,2020,5,април,15/04/2020,2.00,320,1,2,54,6,6,0,16.88,50.0
Видин,2020,5,май,15/05/2020,3.00,320,1,2,54,6,6,0,16.88,50.0
Видин,2020,5,юни,15/06/2020,4.00,320,1,2,54,6,6,0,16.88,50.0
Видин,2020,5,юли,15/07/2020,5.00,320,1,2,54,6,6,0,16.88,50.0
Видин,2020,5,август,15/08/2020,6.00,320,1,2,54,6,6,0,16.88,50.0
Видин,2020,5,септември,15/09/2020,7.00,320,1,2,54,6,6,0,16.88,50.0
Видин,2020,5,октомври,15/10/2020,8.00,320,1,2,54,6,6,0,16.88,50.0
Видин,2020,5,ноември,15/11/2020,9.00,320,2,2,91,6,2,0,28.44,100.0
Видин,2020,5,декември,15/12/2020,10.00,320,2,2,143,6,2,0,44.69,100.0
Видин,2021,5,януари,15/01/2021,11.00,320,2,2,81,6,2,0,25.31,100.0
Видин,2021,5,февруари,15/02/2021,12.00,320,2,2,81,6,2,0,25.31,100.0
Видин,2021,5,март,15/03/2021,13.00,320,2,2,81,6,2,0,25.31,100.0
Видин,2021,5,април,15/04/2021,14.00,320,2,2,81,6,2,0,25.31,100.0
Видин,2021,5,май,15/05/2021,15.00,320,2,2,81,6,3,0,25.31,100.0
Видин,2021,5,юни,15/06/2021,16.00,320,2,2,45,6,3,0,14.06,100.0
Видин,2021,5,юли,15/07/2021,17.00,320,2,2,22,6,2,0,6.88,100.0
Видин,2022,5,февруари,15/02/2021,24.00,320,2,2,68,6,2,0,21.25,100.0
Видин,2022,5,януари,15/01/2022,23.00,320,2,2,58,6,2,0,18.13,100.0
Видин,2021,5,август,15/08/2021,18.00,320,2,2,29,6,1,0,9.06,100.0
Видин,2021,5,септември,15/09/2021,19.00,320,2,2,60,6,2,0,18.75,100.0
Видин,2021,5,октомври,15/10/2021,20.00,320,2,2,86,6,2,0,26.88,100.0
Видин,2021,5,ноември,15/11/2021,21.00,320,2,2,91,6,2,0,28.44,100.0
Видин,2021,5,декември,15/12/2021,22.00,320,2,2,60,6,2,0,18.75,100.0
Враца,2020,6,март,15/03/2020,1.00,1201,0,12,24,40,0,10,2.00,0.0
Враца,2020,6,април,15/04/2020,2.00,1201,0,12,24,40,0,10,2.00,0.0
Враца,2020,6,май,15/05/2020,3.00,1201,1,12,44,40,0,10,3.66,8.3
Враца,2020,6,юни,15/06/2020,4.00,1201,0,12,19,40,0,10,1.58,0.0
Враца,2020,6,юли,15/07/2020,5.00,1201,0,12,43,40,6,10,3.58,0.0
Враца,2020,6,август,15/08/2020,6.00,1201,0,12,26,40,0,10,2.16,0.0
Враца,2020,6,септември,15/09/2020,7.00,1201,0,12,52,40,0,10,4.33,0.0
Враца,2020,6,октомври,15/10/2020,8.00,1201,0,12,64,40,0,10,5.33,0.0
Враца,2020,6,ноември,15/11/2020,9.00,1201,2,12,336,40,24,10,27.98,16.7
Враца,2020,6,декември,15/12/2020,10.00,1201,2,12,335,40,16,10,27.89,16.7
Враца,2021,6,януари,15/01/2021,11.00,1201,2,12,272,40,16,10,22.65,16.7
Враца,2021,6,февруари,15/02/2021,12.00,1201,2,12,251,40,16,10,20.90,16.7
Враца,2021,6,март,15/03/2021,13.00,1201,2,12,292,40,16,10,24.31,16.7
Враца,2021,6,април,15/04/2021,14.00,1201,2,12,269,40,16,10,22.40,16.7
Враца,2021,6,май,15/05/2021,15.00,1201,2,12,190,40,10,10,15.82,16.7
Враца,2021,6,юни,15/06/2021,16.00,1201,2,12,51,40,6,10,4.25,16.7
Враца,2021,6,юли,15/07/2021,17.00,1201,2,12,54,40,6,10,4.50,16.7
Враца,2022,6,февруари,15/02/2021,24.00,1201,3,12,235,40,18,10,19.57,25.0
Враца,2022,6,януари,15/01/2022,23.00,1201,3,12,221,40,18,10,18.40,25.0
Враца,2021,6,август,15/08/2021,18.00,1201,2,12,73,40,5,10,6.08,16.7
Враца,2021,6,септември,15/09/2021,19.00,1201,2,12,104,40,9,10,8.66,16.7
Враца,2021,6,октомври,15/10/2021,20.00,1201,2,12,211,40,18,10,17.57,16.7
Враца,2021,6,ноември,15/11/2021,21.00,1201,3,12,251,40,18,10,20.90,25.0
Враца,2021,6,декември,15/12/2021,22.00,1201,3,12,261,40,18,10,21.73,25.0
Габрово,2020,7,март,15/03/2020,1.00,905,2,7,30,13,0,30,3.31,28.6
Габрово,2020,7,април,15/04/2020,2.00,905,2,7,30,13,0,30,3.31,28.6
Габрово,2020,7,май,15/05/2020,3.00,905,2,7,30,13,0,30,3.31,28.6
Габрово,2020,7,юни,15/06/2020,4.00,905,2,7,30,13,0,30,3.31,28.6
Габрово,2020,7,юли,15/07/2020,5.00,905,3,7,36,13,0,30,3.98,42.9
Габрово,2020,7,август,15/08/2020,6.00,905,3,7,40,13,0,34,4.42,42.9
Габрово,2020,7,септември,15/09/2020,7.00,905,3,7,40,13,0,34,4.42,42.9
Габрово,2020,7,октомври,15/10/2020,8.00,905,4,7,62,13,0,44,6.85,57.1
Габрово,2020,7,ноември,15/11/2020,9.00,905,5,7,201,13,5,52,22.21,71.4
Габрово,2020,7,декември,15/12/2020,10.00,905,5,7,272,13,5,52,30.06,71.4
Габрово,2021,7,януари,15/01/2021,11.00,905,5,7,127,13,5,52,14.03,71.4
Габрово,2021,7,февруари,15/02/2021,12.00,905,5,7,127,13,5,52,14.03,71.4
Габрово,2021,7,март,15/03/2021,13.00,905,5,7,198,13,8,52,21.88,71.4
Габрово,2021,7,април,15/04/2021,14.00,905,5,7,198,13,8,52,21.88,71.4
Габрово,2021,7,май,15/05/2021,15.00,905,5,7,198,13,8,52,21.88,71.4
Габрово,2021,7,юни,15/06/2021,16.00,905,5,7,77,13,7,52,8.51,71.4
Габрово,2021,7,юли,15/07/2021,17.00,905,5,7,77,13,7,52,8.51,71.4
Габрово,2022,7,февруари,15/02/2021,24.00,905,5,7,215,19,13,52,23.76,71.4
Габрово,2022,7,януари,15/01/2022,23.00,905,5,7,215,19,13,52,23.76,71.4
Габрово,2021,7,август,15/08/2021,18.00,905,5,7,119,13,8,52,13.15,71.4
Габрово,2021,7,септември,15/09/2021,19.00,905,5,7,184,13,9,52,20.33,71.4
Габрово,2021,7,октомври,15/10/2021,20.00,905,5,7,214,15,11,52,23.65,71.4
Габрово,2021,7,ноември,15/11/2021,21.00,905,5,7,219,15,11,52,24.20,71.4
Габрово,2021,7,декември,15/12/2021,22.00,905,5,7,196,15,11,52,21.66,71.4
Добрич,2020,8,март,15/03/2020,1.00,601,2,7,21,17,6,12,3.49,28.6
Добрич,2020,8,април,15/04/2020,2.00,601,2,7,21,17,6,12,3.49,28.6
Добрич,2020,8,май,15/05/2020,3.00,601,2,7,21,17,6,12,3.49,28.6
Добрич,2020,8,юни,15/06/2020,4.00,601,2,7,16,11,0,0,2.66,28.6
Добрич,2020,8,юли,15/07/2020,5.00,601,2,7,32,17,6,0,5.32,28.6
Добрич,2020,8,август,15/08/2020,6.00,601,2,7,45,17,6,0,7.49,28.6
Добрич,2020,8,септември,15/09/2020,7.00,601,2,7,45,17,6,0,7.49,28.6
Добрич,2020,8,октомври,15/10/2020,8.00,601,4,7,45,17,6,0,7.49,57.1
Добрич,2020,8,ноември,15/11/2020,9.00,601,4,7,98,11,6,0,16.31,57.1
Добрич,2020,8,декември,15/12/2020,10.00,606,4,7,110,15,6,0,18.15,57.1
Добрич,2021,8,януари,15/01/2021,11.00,606,4,7,106,15,6,0,17.49,57.1
Добрич,2021,8,февруари,15/02/2021,12.00,606,4,7,106,15,6,0,17.49,57.1
Добрич,2021,8,март,15/03/2021,13.00,606,4,7,126,15,8,0,20.79,57.1
Добрич,2021,8,април,15/04/2021,14.00,606,4,7,157,15,8,0,25.91,57.1
Добрич,2021,8,май,15/05/2021,15.00,606,4,7,83,15,6,0,13.70,57.1
Добрич,2021,8,юни,15/06/2021,16.00,606,4,7,35,15,3,3,5.78,57.1
Добрич,2021,8,юли,15/07/2021,17.00,606,4,7,35,15,3,3,5.78,57.1
Добрич,2022,8,февруари,15/02/2021,24.00,606,4,7,100,15,8,3,16.50,57.1
Добрич,2022,8,януари,15/01/2022,23.00,606,4,7,100,15,8,3,16.50,57.1
Добрич,2021,8,август,15/08/2021,18.00,606,4,7,63,15,5,3,10.40,57.1
Добрич,2021,8,септември,15/09/2021,19.00,606,4,7,66,15,6,3,10.89,57.1
Добрич,2021,8,октомври,15/10/2021,20.00,606,4,7,79,15,6,3,13.04,57.1
Добрич,2021,8,ноември,15/11/2021,21.00,606,4,7,92,15,8,3,15.18,57.1
Добрич,2021,8,декември,15/12/2021,22.00,606,4,7,91,15,8,3,15.02,57.1
Кърджали,2020,9,март,15/03/2020,1.00,769,2,6,16,19,0,14,2.08,33.3
Кърджали,2020,9,април,15/04/2020,2.00,769,2,6,16,19,0,14,2.08,33.3
Кърджали,2020,9,май,15/05/2020,3.00,769,2,6,16,19,0,14,2.08,33.3
Кърджали,2020,9,юни,15/06/2020,4.00,769,2,6,16,19,0,14,2.08,33.3
Кърджали,2020,9,юли,15/07/2020,5.00,769,2,6,26,19,4,24,3.38,33.3
Кърджали,2020,9,август,15/08/2020,6.00,769,2,6,26,19,4,24,3.38,33.3
Кърджали,2020,9,септември,15/09/2020,7.00,769,2,6,26,19,4,24,3.38,33.3
Кърджали,2020,9,октомври,15/10/2020,8.00,769,4,6,53,19,6,24,6.89,66.7
Кърджали,2020,9,ноември,15/11/2020,9.00,769,4,6,79,19,8,24,10.27,66.7
Кърджали,2020,9,декември,15/12/2020,10.00,769,5,6,190,19,10,50,24.71,83.3
Кърджали,2021,9,януари,15/01/2021,11.00,769,5,6,189,19,10,50,24.58,83.3
Кърджали,2021,9,февруари,15/02/2021,12.00,769,5,6,103,19,10,24,13.39,83.3
Кърджали,2021,9,март,15/03/2021,13.00,769,5,6,154,19,10,46,20.03,83.3
Кърджали,2021,9,април,15/04/2021,14.00,769,5,6,179,19,12,46,23.28,83.3
Кърджали,2021,9,май,15/05/2021,15.00,769,5,6,130,19,12,42,16.91,83.3
Кърджали,2021,9,юни,15/06/2021,16.00,769,5,6,38,19,10,20,4.94,83.3
Кърджали,2021,9,юли,15/07/2021,17.00,769,5,6,32,19,2,18,4.16,83.3
Кърджали,2022,9,февруари,15/02/2021,24.00,769,5,6,103,19,5,20,13.39,83.3
Кърджали,2022,9,януари,15/01/2022,23.00,769,5,6,91,19,9,20,11.83,83.3
Кърджали,2021,9,август,15/08/2021,18.00,769,5,6,61,19,3,20,7.93,83.3
Кърджали,2021,9,септември,15/09/2021,19.00,769,5,6,104,19,6,44,13.52,83.3
Кърджали,2021,9,октомври,15/10/2021,20.00,769,5,6,107,19,6,44,13.91,83.3
Кърджали,2021,9,ноември,15/11/2021,21.00,769,5,6,137,19,9,44,17.82,83.3
Кърджали,2021,9,декември,15/12/2021,22.00,769,5,6,89,19,9,20,11.57,83.3
Кюстендил,2020,9,март,15/03/2020,1.00,1011,2,5,35,22,8,48,3.46,40.0
Кюстендил,2020,10,април,15/04/2020,2.00,1011,2,5,45,22,8,46,4.45,40.0
Кюстендил,2020,10,май,15/05/2020,3.00,1011,2,5,45,22,8,46,4.45,40.0
Кюстендил,2020,10,юни,15/06/2020,4.00,1011,2,5,45,22,8,46,4.45,40.0
Кюстендил,2020,10,юли,15/07/2020,5.00,1011,2,5,45,22,8,46,4.45,40.0
Кюстендил,2020,10,август,15/08/2020,6.00,1011,2,5,45,22,8,46,4.45,40.0
Кюстендил,2020,10,септември,15/09/2020,7.00,1011,2,5,45,22,8,46,4.45,40.0
Кюстендил,2020,10,октомври,15/10/2020,8.00,1011,3,5,73,22,10,46,7.22,60.0
Кюстендил,2020,10,ноември,15/11/2020,9.00,1011,3,5,195,22,12,46,19.29,60.0
Кюстендил,2020,10,декември,15/12/2020,10.00,1011,3,5,317,22,12,46,31.36,60.0
Кюстендил,2021,10,януари,15/01/2021,11.00,1011,3,5,150,28,12,46,14.84,60.0
Кюстендил,2021,10,февруари,15/02/2021,12.00,1011,3,5,145,28,11,46,14.34,60.0
Кюстендил,2021,10,март,15/03/2021,13.00,1011,3,5,208,28,13,46,20.57,60.0
Кюстендил,2021,10,април,15/04/2021,14.00,1011,3,5,208,28,13,46,20.57,60.0
Кюстендил,2021,10,май,15/05/2021,15.00,1011,3,5,143,28,13,46,14.14,60.0
Кюстендил,2021,10,юни,15/06/2021,16.00,1011,3,5,88,28,9,46,8.70,60.0
Кюстендил,2021,10,юли,15/07/2021,17.00,1011,3,5,68,28,5,46,6.73,60.0
Кюстендил,2022,10,февруари,15/02/2021,24.00,1011,3,5,205,28,13,46,20.28,60.0
Кюстендил,2022,10,януари,15/01/2022,23.00,1011,3,5,165,28,13,46,16.32,60.0
Кюстендил,2021,10,август,15/08/2021,18.00,1011,3,5,88,28,7,46,8.70,60.0
Кюстендил,2021,10,септември,15/09/2021,19.00,1011,3,5,153,28,15,46,15.13,60.0
Кюстендил,2021,10,октомври,15/10/2021,20.00,1011,3,5,197,28,15,46,19.49,60.0
Кюстендил,2021,10,ноември,15/11/2021,21.00,1011,3,5,199,28,15,46,19.68,60.0
Кюстендил,2021,10,декември,15/12/2021,22.00,1011,3,5,149,28,15,46,14.74,60.0
Ловеч,2020,11,март,15/03/2020,1.00,596,0,6,0,13,0,10,0.00,0.0
Ловеч,2020,11,април,15/04/2020,2.00,596,2,6,48,13,0,10,8.05,33.3
Ловеч,2020,11,май,15/05/2020,3.00,596,2,6,48,13,0,10,8.05,33.3
Ловеч,2020,11,юни,15/06/2020,4.00,596,2,6,48,13,0,10,8.05,33.3
Ловеч,2020,11,юли,15/07/2020,5.00,596,2,6,48,13,0,10,8.05,33.3
Ловеч,2020,11,август,15/08/2020,6.00,596,2,6,48,13,0,10,8.05,33.3
Ловеч,2020,11,септември,15/09/2020,7.00,596,2,6,48,13,0,10,8.05,33.3
Ловеч,2020,11,октомври,15/10/2020,8.00,596,2,6,57,13,0,10,9.56,33.3
Ловеч,2020,11,ноември,15/11/2020,9.00,596,6,6,209,13,6,10,35.07,100.0
Ловеч,2020,11,декември,15/12/2020,10.00,596,6,6,227,13,6,10,38.09,100.0
Ловеч,2021,11,януари,15/01/2021,11.00,596,6,6,208,13,6,10,34.90,100.0
Ловеч,2021,11,февруари,15/02/2021,12.00,596,6,6,191,13,6,10,32.05,100.0
Ловеч,2021,11,март,15/03/2021,13.00,596,6,6,234,13,10,10,39.26,100.0
Ловеч,2021,11,април,15/04/2021,14.00,596,6,6,243,13,10,4,40.77,100.0
Ловеч,2021,11,май,15/05/2021,15.00,596,6,6,127,13,8,10,21.31,100.0
Ловеч,2021,11,юни,15/06/2021,16.00,596,6,6,72,13,8,6,12.08,100.0
Ловеч,2021,11,юли,15/07/2021,17.00,596,6,6,51,13,5,14,8.56,100.0
Ловеч,2022,11,февруари,15/02/2021,24.00,596,6,6,194,15,11,4,32.55,100.0
Ловеч,2022,11,януари,15/01/2022,23.00,596,6,6,190,15,10,4,31.88,100.0
Ловеч,2021,11,август,15/08/2021,18.00,596,6,6,122,13,8,5,20.47,100.0
Ловеч,2021,11,септември,15/09/2021,19.00,596,6,6,131,13,9,5,21.98,100.0
Ловеч,2021,11,октомври,15/10/2021,20.00,596,6,6,206,13,10,5,34.56,100.0
Ловеч,2021,11,ноември,15/11/2021,21.00,596,6,6,203,13,10,5,34.06,100.0
Ловеч,2021,11,декември,15/12/2021,22.00,596,6,6,198,13,10,4,33.22,100.0
Монтана,2020,12,март,15/03/2020,1.00,994,4,5,62,22,5,5,6.24,80.0
Монтана,2020,12,април,15/04/2020,2.00,994,4,5,62,22,5,5,6.24,80.0
Монтана,2020,12,май,15/05/2020,3.00,994,4,5,52,22,5,5,5.23,80.0
Монтана,2020,12,юни,15/06/2020,4.00,994,4,5,52,22,5,11,5.23,80.0
Монтана,2020,12,юли,15/07/2020,5.00,994,4,5,52,22,5,11,5.23,80.0
Монтана,2020,12,август,15/08/2020,6.00,994,4,5,55,22,5,11,5.53,80.0
Монтана,2020,12,септември,15/09/2020,7.00,994,4,5,55,22,5,11,5.53,80.0
Монтана,2020,12,октомври,15/10/2020,8.00,994,4,5,93,22,5,0,9.36,80.0
Монтана,2020,12,ноември,15/11/2020,9.00,994,4,5,262,22,5,0,26.36,80.0
Монтана,2020,12,декември,15/12/2020,10.00,994,4,5,262,22,5,0,26.36,80.0
Монтана,2021,12,януари,15/01/2021,11.00,994,4,5,262,22,5,0,26.36,80.0
Монтана,2021,12,февруари,15/02/2021,12.00,994,4,5,138,22,5,21,13.88,80.0
Монтана,2021,12,март,15/03/2021,13.00,994,4,5,263,22,5,0,26.46,80.0
Монтана,2021,12,април,15/04/2021,14.00,994,4,5,263,22,5,0,26.46,80.0
Монтана,2021,12,май,15/05/2021,15.00,994,4,5,246,22,5,5,24.75,80.0
Монтана,2021,12,юни,15/06/2021,16.00,994,4,5,103,22,4,20,10.36,80.0
Монтана,2021,12,юли,15/07/2021,17.00,994,4,5,29,22,2,31,2.92,80.0
Монтана,2022,12,февруари,15/02/2021,24.00,994,4,5,240,22,6,10,24.14,80.0
Монтана,2022,12,януари,15/01/2022,23.00,994,4,5,240,22,8,0,24.14,80.0
Монтана,2021,12,август,15/08/2021,18.00,994,4,5,114,22,6,18,11.47,80.0
Монтана,2021,12,септември,15/09/2021,19.00,994,4,5,189,22,7,5,19.01,80.0
Монтана,2021,12,октомври,15/10/2021,20.00,994,4,5,261,22,10,0,26.26,80.0
Монтана,2021,12,ноември,15/11/2021,21.00,994,4,5,279,22,8,0,28.07,80.0
Монтана,2021,12,декември,15/12/2021,22.00,994,4,5,238,22,6,0,23.94,80.0
Пазарджик,2020,13,март,15/03/2020,1.00,1689,8,13,364,79,12,25,21.55,61.5
Пазарджик,2020,13,април,15/04/2020,2.00,1689,8,13,364,79,67,33,21.55,61.5
Пазарджик,2020,13,май,15/05/2020,3.00,1689,9,13,369,79,67,41,21.85,69.2
Пазарджик,2020,13,юни,15/06/2020,4.00,1689,9,13,302,79,67,41,17.88,69.2
Пазарджик,2020,13,юли,15/07/2020,5.00,1689,8,13,260,79,52,33,15.39,61.5
Пазарджик,2020,13,август,15/08/2020,6.00,1689,7,13,158,79,28,33,9.35,53.8
Пазарджик,2020,13,септември,15/09/2020,7.00,1689,7,13,157,79,28,33,9.30,53.8
Пазарджик,2020,13,октомври,15/10/2020,8.00,1689,7,13,119,79,32,39,7.05,53.8
Пазарджик,2020,13,ноември,15/11/2020,9.00,1689,9,13,239,79,34,23,14.15,69.2
Пазарджик,2020,13,декември,15/12/2020,10.00,1689,9,13,425,79,34,23,25.16,69.2
Пазарджик,2021,13,януари,15/01/2021,11.00,1689,9,13,393,73,37,27,23.27,69.2
Пазарджик,2021,13,февруари,15/02/2021,12.00,1689,9,13,311,73,31,33,18.41,69.2
Пазарджик,2021,13,март,15/03/2021,13.00,1689,9,13,374,73,34,33,22.14,69.2
Пазарджик,2021,13,април,15/04/2021,14.00,1689,9,13,372,73,46,29,22.02,69.2
Пазарджик,2021,13,май,15/05/2021,15.00,1689,9,13,361,73,53,29,21.37,69.2
Пазарджик,2021,13,юни,15/06/2021,16.00,1689,9,13,361,73,53,29,21.37,69.2
Пазарджик,2021,13,юли,15/07/2021,17.00,1689,9,13,118,78,20,29,6.99,69.2
Пазарджик,2022,13,февруари,15/02/2021,24.00,1689,9,13,305,79,39,25,18.06,69.2
Пазарджик,2022,13,януари,15/01/2022,23.00,1689,9,13,305,79,39,25,18.06,69.2
Пазарджик,2021,13,август,15/08/2021,18.00,1689,9,13,119,73,25,16,7.05,69.2
Пазарджик,2021,13,септември,15/09/2021,19.00,1689,9,13,216,73,25,16,12.79,69.2
Пазарджик,2021,13,октомври,15/10/2021,20.00,1689,9,13,267,73,40,25,15.81,69.2
Пазарджик,2021,13,ноември,15/11/2021,21.00,1689,9,13,264,79,40,25,15.63,69.2
Пазарджик,2021,13,декември,15/12/2021,22.00,1689,9,13,290,79,39,25,17.17,69.2
Перник,2020,14,март,15/03/2020,1.00,447,3,4,0,10,0,15,0.00,75.0
Перник,2020,14,април,15/04/2020,2.00,447,3,4,0,10,0,15,0.00,75.0
Перник,2020,14,май,15/05/2020,3.00,447,3,4,0,10,0,15,0.00,75.0
Перник,2020,14,юни,15/06/2020,4.00,447,3,4,0,10,0,15,0.00,75.0
Перник,2020,14,юли,15/07/2020,5.00,447,3,4,0,10,0,15,0.00,75.0
Перник,2020,14,август,15/08/2020,6.00,447,3,4,0,10,0,15,0.00,75.0
Перник,2020,14,септември,15/09/2020,7.00,447,3,4,0,10,0,15,0.00,75.0
Перник,2020,14,октомври,15/10/2020,8.00,447,3,4,79,10,0,15,17.67,75.0
Перник,2020,14,ноември,15/11/2020,9.00,447,3,4,166,10,0,15,37.14,75.0
Перник,2020,14,декември,15/12/2020,10.00,447,3,4,181,10,0,15,40.49,75.0
Перник,2021,14,януари,15/01/2021,11.00,447,3,4,181,10,10,15,40.49,75.0
Перник,2021,14,февруари,15/02/2021,12.00,447,3,4,181,10,10,15,40.49,75.0
Перник,2021,14,март,15/03/2021,13.00,447,3,4,213,10,10,15,47.65,75.0
Перник,2021,14,април,15/04/2021,14.00,447,3,4,197,10,10,15,44.07,75.0
Перник,2021,14,май,15/05/2021,15.00,447,3,4,179,10,10,15,40.04,75.0
Перник,2021,14,юни,15/06/2021,16.00,447,3,4,63,10,5,15,14.09,75.0
Перник,2021,14,юли,15/07/2021,17.00,447,3,4,52,10,2,15,11.63,75.0
Перник,2022,14,февруари,15/02/2021,24.00,447,3,4,123,10,9,15,27.52,75.0
Перник,2022,14,януари,15/01/2022,23.00,447,3,4,143,10,9,15,31.99,75.0
Перник,2021,14,август,15/08/2021,18.00,447,3,4,36,10,4,15,8.05,75.0
Перник,2021,14,септември,15/09/2021,19.00,447,3,4,87,10,6,15,19.46,75.0
Перник,2021,14,октомври,15/10/2021,20.00,447,3,4,174,10,9,15,38.93,75.0
Перник,2021,14,ноември,15/11/2021,21.00,447,3,4,202,10,9,15,45.19,75.0
Перник,2021,14,декември,15/12/2021,22.00,447,3,4,138,10,9,15,30.87,75.0
Плевен,2020,15,март,15/03/2020,1.00,2053,1,14,56,105,0,40,2.73,7.1
Плевен,2020,15,април,15/04/2020,2.00,2053,3,14,88,105,3,40,4.29,21.4
Плевен,2020,15,май,15/05/2020,3.00,2053,3,14,88,105,5,40,4.29,21.4
Плевен,2020,15,юни,15/06/2020,4.00,2053,3,14,88,105,7,40,4.29,21.4
Плевен,2020,15,юли,15/07/2020,5.00,2227,10,14,116,105,11,40,5.21,71.4
Плевен,2020,15,август,15/08/2020,6.00,2272,10,14,116,105,11,40,5.11,71.4
Плевен,2020,15,септември,15/09/2020,7.00,2272,10,14,116,105,11,40,5.11,71.4
Плевен,2020,15,октомври,15/10/2020,8.00,2272,10,14,116,105,11,40,5.11,71.4
Плевен,2020,15,ноември,15/11/2020,9.00,2477,14,14,492,105,24,40,19.86,100.0
Плевен,2020,15,декември,15/12/2020,10.00,2477,14,14,521,105,33,40,21.03,100.0
Плевен,2021,15,януари,15/01/2021,11.00,2611,14,14,462,115,24,40,17.69,100.0
Плевен,2021,15,февруари,15/02/2021,12.00,2611,13,14,240,115,24,40,9.19,92.9
Плевен,2021,15,март,15/03/2021,13.00,2611,14,14,513,115,35,40,19.65,100.0
Плевен,2021,15,април,15/04/2021,14.00,2611,14,14,558,115,39,40,21.37,100.0
Плевен,2021,15,май,15/05/2021,15.00,2611,13,14,329,115,39,40,12.60,92.9
Плевен,2021,15,юни,15/06/2021,16.00,2611,9,14,203,115,15,40,7.77,64.3
Плевен,2021,15,юли,15/07/2021,17.00,2621,1,14,60,115,3,40,2.29,7.1
Плевен,2021,15,август,15/08/2021,18.00,2624,1,14,77,115,3,40,2.93,7.1
Плевен,2021,15,септември,15/09/2021,19.00,2624,10,14,206,115,17,40,7.85,71.4
Плевен,2021,15,октомври,15/10/2021,20.00,2624,10,14,227,115,21,40,8.65,71.4
Плевен,2021,15,ноември,15/11/2021,21.00,2624,13,14,278,115,21,40,10.59,92.9
Плевен,2021,15,декември,15/12/2021,22.00,2679,13,14,278,115,21,40,10.38,92.9
Плевен,2022,15,февруари,15/02/2021,24.00,2679,13,14,299,117,26,40,11.16,92.9
Плевен,2022,15,януари,15/01/2022,23.00,2679,13,14,278,115,21,40,10.38,92.9
Пловдив,2020,16,март,15/03/2020,1.00,7617,13,39,315,242,50,84,4.14,33.3
Пловдив,2020,16,април,15/04/2020,2.00,7617,15,39,334,242,68,84,4.38,38.5
Пловдив,2020,16,май,15/05/2020,3.00,7617,15,39,334,242,68,84,4.38,38.5
Пловдив,2020,16,юни,15/06/2020,4.00,7617,15,39,334,242,68,84,4.38,38.5
Пловдив,2020,16,юли,15/07/2020,5.00,7617,16,39,373,242,68,84,4.90,41.0
Пловдив,2020,16,август,15/08/2020,6.00,7617,16,39,372,242,62,84,4.88,41.0
Пловдив,2020,16,септември,15/09/2020,7.00,7617,16,39,398,242,48,84,5.23,41.0
Пловдив,2020,16,октомври,15/10/2020,8.00,7617,17,39,537,242,75,84,7.05,43.6
Пловдив,2020,16,ноември,15/11/2020,9.00,7617,21,39,1030,242,93,84,13.52,53.8
Пловдив,2020,16,декември,15/12/2020,10.00,7617,21,39,1212,242,101,84,15.91,53.8
Пловдив,2021,16,януари,15/01/2021,11.00,7691,21,39,1002,250,95,84,13.03,53.8
Пловдив,2021,16,февруари,15/02/2021,12.00,7691,21,39,916,250,91,84,11.91,53.8
Пловдив,2021,16,март,15/03/2021,13.00,7691,21,39,1159,250,106,84,15.07,53.8
Пловдив,2021,16,април,15/04/2021,14.00,7691,21,39,1244,250,116,84,16.17,53.8
Пловдив,2021,16,май,15/05/2021,15.00,7691,21,39,993,250,129,84,12.91,53.8
Пловдив,2021,16,юни,15/06/2021,16.00,7691,20,39,456,250,86,84,5.93,51.3
Пловдив,2021,16,юли,15/07/2021,17.00,7691,18,39,287,250,77,84,3.73,46.2
Пловдив,2021,16,август,15/08/2021,18.00,7691,12,39,449,250,66,84,5.84,30.8
Пловдив,2021,16,септември,15/09/2021,19.00,7691,19,39,716,250,95,84,9.31,48.7
Пловдив,2021,16,октомври,15/10/2021,20.00,7691,19,39,846,250,104,84,11.00,48.7
Пловдив,2021,16,ноември,15/11/2021,21.00,7691,19,39,986,250,139,84,12.82,48.7
Пловдив,2021,16,декември,15/12/2021,22.00,7691,19,39,1005,250,140,84,13.07,48.7
Пловдив,2022,16,февруари,15/02/2021,24.00,7743,19,39,785,260,125,84,10.14,48.7
Пловдив,2022,16,януари,15/01/2022,23.00,7743,19,39,718,260,127,84,9.27,48.7
Разград,2020,17,март,15/03/2020,1.00,553,3,3,116,22,16,10,20.98,100.0
Разград,2020,17,април,15/04/2020,2.00,553,3,3,116,22,16,10,20.98,100.0
Разград,2020,17,май,15/05/2020,3.00,553,3,3,116,22,16,15,20.98,100.0
Разград,2020,17,юни,15/06/2020,4.00,553,3,3,116,22,16,15,20.98,100.0
Разград,2020,17,юли,15/07/2020,5.00,553,3,3,50,22,0,15,9.04,100.0
Разград,2020,17,август,15/08/2020,6.00,553,3,3,50,22,0,15,9.04,100.0
Разград,2020,17,септември,15/09/2020,7.00,553,3,3,50,22,0,15,9.04,100.0
Разград,2020,17,октомври,15/10/2020,8.00,553,3,3,65,22,0,15,11.75,100.0
Разград,2020,17,ноември,15/11/2020,9.00,553,3,3,105,22,0,15,18.99,100.0
Разград,2020,17,декември,15/12/2020,10.00,553,3,3,159,22,0,15,28.75,100.0
Разград,2021,17,януари,15/01/2021,11.00,553,3,3,81,22,3,15,14.65,100.0
Разград,2021,17,февруари,15/02/2021,12.00,553,3,3,61,22,3,18,11.03,100.0
Разград,2021,17,март,15/03/2021,13.00,553,3,3,103,22,5,18,18.63,100.0
Разград,2021,17,април,15/04/2021,14.00,553,3,3,161,22,6,18,29.11,100.0
Разград,2021,17,май,15/05/2021,15.00,553,3,3,77,22,6,18,13.92,100.0
Разград,2021,17,юни,15/06/2021,16.00,553,3,3,38,22,4,18,6.87,100.0
Разград,2021,17,юли,15/07/2021,17.00,553,3,3,25,22,2,18,4.52,100.0
Разград,2021,17,август,15/08/2021,18.00,553,3,3,37,22,6,15,6.69,100.0
Разград,2021,17,септември,15/09/2021,19.00,553,3,3,103,22,11,25,18.63,100.0
Разград,2021,17,октомври,15/10/2021,20.00,553,3,3,111,22,12,25,20.07,100.0
Разград,2021,17,ноември,15/11/2021,21.00,553,3,3,144,22,12,25,26.04,100.0
Разград,2021,17,декември,15/12/2021,22.00,553,3,3,116,22,12,25,20.98,100.0
Разград,2022,17,февруари,15/02/2021,24.00,553,3,3,124,22,12,25,22.42,100.0
Разград,2022,17,януари,15/01/2022,23.00,553,3,3,121,22,12,25,21.88,100.0
Русе,2020,18,март,15/03/2020,1.00,1850,4,10,279,54,48,20,15.08,40.0
Русе,2020,18,април,15/04/2020,2.00,1850,4,10,279,54,48,20,15.08,40.0
Русе,2020,18,май,15/05/2020,3.00,1850,4,10,279,54,48,20,15.08,40.0
Русе,2020,18,юни,15/06/2020,4.00,1850,4,10,279,54,48,20,15.08,40.0
Русе,2020,18,юли,15/07/2020,5.00,1850,4,10,279,54,48,20,15.08,40.0
Русе,2020,18,август,15/08/2020,6.00,1850,4,10,279,54,48,20,15.08,40.0
Русе,2020,18,септември,15/09/2020,7.00,1850,4,10,143,54,33,20,7.73,40.0
Русе,2020,18,октомври,15/10/2020,8.00,1850,4,10,160,36,33,20,8.65,40.0
Русе,2020,18,ноември,15/11/2020,9.00,1850,5,10,478,68,19,20,25.84,50.0
Русе,2020,18,декември,15/12/2020,10.00,1850,5,10,487,89,37,20,26.32,50.0
Русе,2021,18,януари,15/01/2021,11.00,1880,5,10,378,89,37,20,20.11,50.0
Русе,2021,18,февруари,15/02/2021,12.00,1880,5,10,272,89,34,20,14.47,50.0
Русе,2021,18,март,15/03/2021,13.00,1880,5,10,464,95,43,20,24.68,50.0
Русе,2021,18,април,15/04/2021,14.00,1880,5,10,346,100,56,20,18.40,50.0
Русе,2021,18,май,15/05/2021,15.00,1880,5,10,201,100,48,20,10.69,50.0
Русе,2021,18,юни,15/06/2021,16.00,1880,5,10,118,94,28,20,6.28,50.0
Русе,2021,18,юли,15/07/2021,17.00,1880,5,10,61,80,14,20,3.24,50.0
Русе,2021,18,август,15/08/2021,18.00,1880,5,10,208,92,41,20,11.06,50.0
Русе,2021,18,септември,15/09/2021,19.00,1880,5,10,263,109,61,20,13.99,50.0
Русе,2021,18,октомври,15/10/2021,20.00,1880,5,10,278,118,70,20,14.79,50.0
Русе,2021,18,ноември,15/11/2021,21.00,1880,5,10,322,114,70,20,17.13,50.0
Русе,2021,18,декември,15/12/2021,22.00,1880,6,10,325,114,70,20,17.29,60.0
Русе,2022,18,февруари,15/02/2021,24.00,1966,6,10,313,107,63,20,15.92,60.0
Русе,2022,18,януари,15/01/2022,23.00,1966,6,10,325,114,70,20,16.53,60.0
Силистра,2020,19,март,15/03/2020,1.00,461,1,3,7,16,7,15,1.52,33.3
Силистра,2020,19,април,15/04/2020,2.00,461,1,3,7,16,7,15,1.52,33.3
Силистра,2020,19,май,15/05/2020,3.00,461,1,3,7,16,7,15,1.52,33.3
Силистра,2020,19,юни,15/06/2020,4.00,461,1,3,2,16,2,15,0.43,33.3
Силистра,2020,19,юли,15/07/2020,5.00,461,1,3,2,16,2,15,0.43,33.3
Силистра,2020,19,август,15/08/2020,6.00,461,1,3,8,16,8,15,1.74,33.3
Силистра,2020,19,септември,15/09/2020,7.00,461,1,3,8,16,8,15,1.74,33.3
Силистра,2020,19,октомври,15/10/2020,8.00,461,3,3,62,16,8,15,13.45,100.0
Силистра,2020,19,ноември,15/11/2020,9.00,461,3,3,101,16,4,15,21.91,100.0
Силистра,2020,19,декември,15/12/2020,10.00,461,3,3,111,16,4,15,24.08,100.0
Силистра,2021,19,януари,15/01/2021,11.00,461,3,3,111,16,4,15,24.08,100.0
Силистра,2021,19,февруари,15/02/2021,12.00,461,3,3,111,16,4,15,24.08,100.0
Силистра,2021,19,март,15/03/2021,13.00,461,3,3,132,16,10,15,28.63,100.0
Силистра,2021,19,април,15/04/2021,14.00,461,3,3,132,16,10,15,28.63,100.0
Силистра,2021,19,май,15/05/2021,15.00,461,3,3,88,16,10,15,19.09,100.0
Силистра,2021,19,юни,15/06/2021,16.00,461,3,3,51,16,10,15,11.06,100.0
Силистра,2021,19,юли,15/07/2021,17.00,461,3,3,78,16,5,15,16.92,100.0
Силистра,2021,19,август,15/08/2021,18.00,461,3,3,78,16,5,15,16.92,100.0
Силистра,2021,19,септември,15/09/2021,19.00,461,3,3,105,16,5,15,22.78,100.0
Силистра,2021,19,октомври,15/10/2021,20.00,461,3,3,140,16,9,15,30.37,100.0
Силистра,2021,19,ноември,15/11/2021,21.00,461,3,3,140,16,9,15,30.37,100.0
Силистра,2021,19,декември,15/12/2021,22.00,461,3,3,140,16,9,15,30.37,100.0
Силистра,2022,19,февруари,15/02/2021,24.00,461,3,3,136,16,10,15,29.50,100.0
Силистра,2022,19,януари,15/01/2022,23.00,461,3,3,136,16,10,15,29.50,100.0
Сливен,2020,20,март,15/03/2020,1.00,1167,2,8,46,27,0,48,3.94,25.0
Сливен,2020,20,април,15/04/2020,2.00,1167,4,8,96,27,0,48,8.23,50.0
Сливен,2020,20,май,15/05/2020,3.00,1167,4,8,93,27,0,48,7.97,50.0
Сливен,2020,20,юни,15/06/2020,4.00,1167,5,8,96,27,0,48,8.23,62.5
Сливен,2020,20,юли,15/07/2020,5.00,1167,5,8,96,27,0,48,8.23,62.5
Сливен,2020,20,август,15/08/2020,6.00,1167,5,8,96,27,0,48,8.23,62.5
Сливен,2020,20,септември,15/09/2020,7.00,1167,5,8,98,27,0,48,8.40,62.5
Сливен,2020,20,октомври,15/10/2020,8.00,1167,5,8,117,27,0,48,10.03,62.5
Сливен,2020,20,ноември,15/11/2020,9.00,1167,5,8,210,43,15,48,17.99,62.5
Сливен,2020,20,декември,15/12/2020,10.00,1167,5,8,210,43,15,48,17.99,62.5
Сливен,2021,20,януари,15/01/2021,11.00,1167,5,8,206,43,15,48,17.65,62.5
Сливен,2021,20,февруари,15/02/2021,12.00,1167,5,8,206,43,15,48,17.65,62.5
Сливен,2021,20,март,15/03/2021,13.00,1167,5,8,299,40,12,48,25.62,62.5
Сливен,2021,20,април,15/04/2021,14.00,1167,5,8,279,40,12,48,23.91,62.5
Сливен,2021,20,май,15/05/2021,15.00,1167,5,8,165,40,12,48,14.14,62.5
Сливен,2021,20,юни,15/06/2021,16.00,1167,5,8,120,39,7,48,10.28,62.5
Сливен,2021,20,юли,15/07/2021,17.00,1167,5,8,77,39,6,48,6.60,62.5
Сливен,2021,20,август,15/08/2021,18.00,1120,4,8,123,32,6,48,10.98,50.0
Сливен,2021,20,септември,15/09/2021,19.00,1120,4,8,230,36,10,48,20.54,50.0
Сливен,2021,20,октомври,15/10/2021,20.00,1120,4,8,274,40,14,48,24.46,50.0
Сливен,2021,20,ноември,15/11/2021,21.00,1120,4,8,241,40,18,48,21.52,50.0
Сливен,2021,20,декември,15/12/2021,22.00,1120,4,8,191,40,18,48,17.05,50.0
Сливен,2022,20,февруари,15/02/2021,24.00,1120,4,8,226,40,18,40,20.18,50.0
Сливен,2022,20,януари,15/01/2022,23.00,1120,4,8,246,40,18,40,21.96,50.0
Смолян,2020,21,март,15/03/2020,1.00,1059,4,8,86,9,9,13,8.12,50.0
Смолян,2020,21,април,15/04/2020,2.00,1059,4,8,159,9,9,15,15.01,50.0
Смолян,2020,21,май,15/05/2020,3.00,1059,4,8,163,9,9,19,15.39,50.0
Смолян,2020,21,юни,15/06/2020,4.00,1059,4,8,157,9,9,13,14.83,50.0
Смолян,2020,21,юли,15/07/2020,5.00,1059,4,8,157,9,9,13,14.83,50.0
Смолян,2020,21,август,15/08/2020,6.00,1059,4,8,157,9,9,13,14.83,50.0
Смолян,2020,21,септември,15/09/2020,7.00,1059,4,8,179,9,9,20,16.90,50.0
Смолян,2020,21,октомври,15/10/2020,8.00,1059,4,8,158,9,5,20,14.92,50.0
Смолян,2020,21,ноември,15/11/2020,9.00,1059,4,8,158,12,7,34,14.92,50.0
Смолян,2020,21,декември,15/12/2020,10.00,1059,4,8,180,12,11,38,17.00,50.0
Смолян,2021,21,януари,15/01/2021,11.00,1059,4,8,224,12,10,40,21.15,50.0
Смолян,2021,21,февруари,15/02/2021,12.00,1059,4,8,204,12,9,39,19.26,50.0
Смолян,2021,21,март,15/03/2021,13.00,1060,4,8,209,12,9,40,19.72,50.0
Смолян,2021,21,април,15/04/2021,14.00,1060,4,8,246,12,11,60,23.21,50.0
Смолян,2021,21,май,15/05/2021,15.00,1060,4,8,212,12,11,56,20.00,50.0
Смолян,2021,21,юни,15/06/2021,16.00,1060,4,8,82,12,6,30,7.74,50.0
Смолян,2021,21,юли,15/07/2021,17.00,1060,4,8,53,12,6,30,5.00,50.0
Смолян,2021,21,август,15/08/2021,18.00,1060,4,8,62,12,6,32,5.85,50.0
Смолян,2021,21,септември,15/09/2021,19.00,1060,4,8,121,12,8,41,11.42,50.0
Смолян,2021,21,октомври,15/10/2021,20.00,1060,4,8,142,12,10,42,13.40,50.0
Смолян,2021,21,ноември,15/11/2021,21.00,1060,4,8,176,12,11,60,16.60,50.0
Смолян,2021,21,декември,15/12/2021,22.00,1060,4,8,174,12,11,60,16.42,50.0
Смолян,2022,21,февруари,15/02/2021,24.00,1060,4,8,176,12,11,60,16.60,50.0
Смолян,2022,21,януари,15/01/2022,23.00,1060,4,8,173,12,11,60,16.32,50.0
Софийска област,2020,23,март,15/03/2020,1.00,1709,11,14,0,78,0,20,0.00,78.6
Софийска област,2020,23,април,15/04/2020,2.00,1709,11,14,0,78,0,20,0.00,78.6
Софийска област,2020,23,май,15/05/2020,3.00,1709,11,14,0,78,0,20,0.00,78.6
Софийска област,2020,23,юни,15/06/2020,4.00,1709,11,14,0,78,0,20,0.00,78.6
Софийска област,2020,23,юли,15/07/2020,5.00,1709,11,14,0,78,0,20,0.00,78.6
Софийска област,2020,23,август,15/08/2020,6.00,1709,11,14,0,78,0,20,0.00,78.6
Софийска област,2020,23,септември,15/09/2020,7.00,1709,11,14,0,78,0,20,0.00,78.6
Софийска област,2020,23,октомври,15/10/2020,8.00,1709,11,14,0,78,0,20,0.00,78.6
Софийска област,2020,23,ноември,15/11/2020,9.00,1709,11,14,456,78,34,35,26.68,78.6
Софийска област,2020,23,декември,15/12/2020,10.00,1709,11,14,432,78,22,35,25.28,78.6
Софийска област,2021,23,януари,15/01/2021,11.00,1715,11,14,435,78,22,35,25.36,78.6
Софийска област,2021,23,февруари,15/02/2021,12.00,1715,11,14,408,78,22,35,23.79,78.6
Софийска област,2021,23,март,15/03/2021,13.00,1715,11,14,610,78,23,35,35.57,78.6
Софийска област,2021,23,април,15/04/2021,14.00,1715,11,14,573,78,26,35,33.41,78.6
Софийска област,2021,23,май,15/05/2021,15.00,1715,11,14,445,78,15,35,25.95,78.6
Софийска област,2021,23,юни,15/06/2021,16.00,1715,11,14,190,78,10,35,11.08,78.6
Софийска област,2021,23,юли,15/07/2021,17.00,1715,11,14,181,78,5,35,10.55,78.6
Софийска област,2021,23,август,15/08/2021,18.00,1715,11,14,161,78,10,35,9.39,78.6
Софийска област,2021,23,септември,15/09/2021,19.00,1715,11,14,378,78,16,35,22.04,78.6
Софийска област,2021,23,октомври,15/10/2021,20.00,1715,11,14,451,78,16,35,26.30,78.6
Софийска област,2021,23,ноември,15/11/2021,21.00,1715,11,14,456,78,34,35,26.59,78.6
Софийска област,2021,23,декември,15/12/2021,22.00,1715,11,14,420,78,26,35,24.49,78.6
Софийска област,2022,23,февруари,15/02/2021,24.00,1715,12,14,427,78,26,40,24.90,85.7
Софийска област,2022,23,януари,15/01/2022,23.00,1715,11,14,503,78,35,40,29.33,78.6
София-град,2020,22,март,15/03/2020,1.00,12291,6,74,311,665,121,213,2.53,8.1
София-град,2020,22,април,15/04/2020,2.00,12214,19,74,333,665,121,213,2.73,25.7
София-град,2020,22,май,15/05/2020,3.00,12262,19,74,320,665,121,213,2.61,25.7
София-град,2020,22,юни,15/06/2020,4.00,12314,9,74,383,665,135,213,3.11,12.2
София-град,2020,22,юли,15/07/2020,5.00,12314,12,74,349,665,122,213,2.83,16.2
София-град,2020,22,август,15/08/2020,6.00,12314,13,74,387,665,135,223,3.14,17.6
София-град,2020,22,септември,15/09/2020,7.00,12314,13,74,583,682,101,223,4.73,17.6
София-град,2020,22,октомври,15/10/2020,8.00,12314,22,74,898,682,119,220,7.29,29.7
София-град,2020,22,ноември,15/11/2020,9.00,12254,70,74,2771,752,269,496,22.61,94.6
София-град,2020,22,декември,15/12/2020,10.00,12254,70,74,2756,770,275,496,22.49,94.6
София-град,2021,22,януари,15/01/2021,11.00,12215,42,74,2536,769,265,428,20.76,56.8
София-град,2021,22,февруари,15/02/2021,12.00,12247,42,74,2238,771,253,438,18.27,56.8
София-град,2021,22,март,15/03/2021,13.00,12270,70,74,3460,873,426,745,28.20,94.6
София-град,2021,22,април,15/04/2021,14.00,12309,70,74,3378,888,433,745,27.44,94.6
София-град,2021,22,май,15/05/2021,15.00,12288,39,74,2347,774,269,485,19.10,52.7
София-град,2021,22,юни,15/06/2021,16.00,12262,28,74,944,757,177,242,7.70,37.8
София-град,2021,22,юли,15/07/2021,17.00,12261,24,74,356,734,61,192,2.90,32.4
София-град,2021,22,август,15/08/2021,18.00,12303,23,74,959,734,96,237,7.79,31.1
София-град,2021,22,септември,15/09/2021,19.00,12317,18,74,1316,761,195,258,10.68,24.3
София-град,2021,22,октомври,15/10/2021,20.00,12339,30,74,3061,766,306,567,24.81,40.5
София-град,2021,22,ноември,15/11/2021,21.00,12274,71,74,3181,819,448,595,25.92,95.9
София-град,2021,22,декември,15/12/2021,22.00,12274,39,74,1851,788,308,376,15.08,52.7
София-град,2022,22,февруари,15/02/2021,24.00,12231,37,74,1802,769,299,383,14.73,50.0
София-град,2022,22,януари,15/01/2022,23.00,12239,40,74,2034,777,307,462,16.62,54.1
Стара Загора,2020,24,март,15/03/2020,1.00,2431,1,14,35,57,20,30,1.44,7.1
Стара Загора,2020,24,април,15/04/2020,2.00,2431,1,14,83,57,20,35,3.41,7.1
Стара Загора,2020,24,май,15/05/2020,3.00,2431,1,14,83,57,20,35,3.41,7.1
Стара Загора,2020,24,юни,15/06/2020,4.00,2405,1,14,103,57,20,35,4.28,7.1
Стара Загора,2020,24,юли,15/07/2020,5.00,2416,1,14,103,57,20,35,4.26,7.1
Стара Загора,2020,24,август,15/08/2020,6.00,2418,1,14,103,57,20,35,4.26,7.1
Стара Загора,2020,24,септември,15/09/2020,7.00,2441,1,14,103,57,20,35,4.22,7.1
Стара Загора,2020,24,октомври,15/10/2020,8.00,2449,5,14,224,57,28,35,9.15,35.7
Стара Загора,2020,24,ноември,15/11/2020,9.00,2457,7,14,349,57,33,35,14.20,50.0
Стара Загора,2020,24,декември,15/12/2020,10.00,2384,7,14,413,57,23,35,17.32,50.0
Стара Загора,2021,24,януари,15/01/2021,11.00,2336,7,14,201,57,17,35,8.60,50.0
Стара Загора,2021,24,февруари,15/02/2021,12.00,2288,7,14,180,57,23,35,7.87,50.0
Стара Загора,2021,24,март,15/03/2021,13.00,2336,7,14,372,57,28,35,15.92,50.0
Стара Загора,2021,24,април,15/04/2021,14.00,2336,7,14,392,57,34,40,16.78,50.0
Стара Загора,2021,24,май,15/05/2021,15.00,2336,7,14,223,57,27,40,9.55,50.0
Стара Загора,2021,24,юни,15/06/2021,16.00,2334,4,14,30,57,9,30,1.29,28.6
Стара Загора,2021,24,юли,15/07/2021,17.00,2246,4,14,30,57,9,30,1.34,28.6
Стара Загора,2021,24,август,15/08/2021,18.00,2276,7,14,235,57,15,37,10.33,50.0
Стара Загора,2021,24,септември,15/09/2021,19.00,2288,7,14,287,57,28,38,12.54,50.0
Стара Загора,2021,24,октомври,15/10/2021,20.00,2277,7,14,385,57,30,38,16.91,50.0
Стара Загора,2021,24,ноември,15/11/2021,21.00,2302,7,14,386,57,31,38,16.77,50.0
Стара Загора,2021,24,декември,15/12/2021,22.00,2301,7,14,271,57,27,38,11.78,50.0
Стара Загора,2022,24,февруари,15/02/2021,24.00,2304,7,14,323,57,30,38,14.02,50.0
Стара Загора,2022,24,януари,15/01/2022,23.00,2304,7,14,315,57,31,38,13.67,50.0
Търговище,2020,25,март,15/03/2020,1.00,624,3,4,0,27,0,13,0.00,75.0
Търговище,2020,25,април,15/04/2020,2.00,624,3,4,0,27,0,13,0.00,75.0
Търговище,2020,25,май,15/05/2020,3.00,624,3,4,0,27,0,13,0.00,75.0
Търговище,2020,25,юни,15/06/2020,4.00,624,3,4,0,27,0,13,0.00,75.0
Търговище,2020,25,юли,15/07/2020,5.00,624,3,4,0,27,0,13,0.00,75.0
Търговище,2020,25,август,15/08/2020,6.00,624,3,4,0,27,0,13,0.00,75.0
Търговище,2020,25,септември,15/09/2020,7.00,624,3,4,10,27,0,13,1.60,75.0
Търговище,2020,25,октомври,15/10/2020,8.00,624,3,4,43,27,0,29,6.89,75.0
Търговище,2020,25,ноември,15/11/2020,9.00,624,3,4,107,27,2,29,17.15,75.0
Търговище,2020,25,декември,15/12/2020,10.00,624,3,4,107,27,2,29,17.15,75.0
Търговище,2021,25,януари,15/01/2021,11.00,624,3,4,107,27,2,29,17.15,75.0
Търговище,2021,25,февруари,15/02/2021,12.00,624,3,4,62,27,2,29,9.94,75.0
Търговище,2021,25,март,15/03/2021,13.00,624,3,4,97,31,6,29,15.54,75.0
Търговище,2021,25,април,15/04/2021,14.00,624,3,4,171,31,10,29,27.40,75.0
Търговище,2021,25,май,15/05/2021,15.00,624,3,4,133,31,10,29,21.31,75.0
Търговище,2021,25,юни,15/06/2021,16.00,624,3,4,86,27,4,29,13.78,75.0
Търговище,2021,25,юли,15/07/2021,17.00,624,3,4,38,27,2,29,6.09,75.0
Търговище,2021,25,август,15/08/2021,18.00,624,3,4,124,27,2,29,19.87,75.0
Търговище,2021,25,септември,15/09/2021,19.00,624,3,4,157,33,8,29,25.16,75.0
Търговище,2021,25,октомври,15/10/2021,20.00,624,3,4,153,37,12,29,24.52,75.0
Търговище,2021,25,ноември,15/11/2021,21.00,624,3,4,142,37,12,29,22.76,75.0
Търговище,2021,25,декември,15/12/2021,22.00,624,3,4,137,37,12,29,21.96,75.0
Търговище,2022,25,февруари,15/02/2021,24.00,624,3,4,145,37,12,29,23.24,75.0
Търговище,2022,25,януари,15/01/2022,23.00,624,3,4,139,37,12,29,22.28,75.0
Хасково,2020,26,март,15/03/2020,1.00,1093,1,11,12,38,0,22,1.10,9.1
Хасково,2020,26,април,15/04/2020,2.00,1093,2,11,12,38,0,22,1.10,18.2
Хасково,2020,26,май,15/05/2020,3.00,1093,4,11,12,38,0,22,1.10,36.4
Хасково,2020,26,юни,15/06/2020,4.00,1093,4,11,12,38,0,22,1.10,36.4
Хасково,2020,26,юли,15/07/2020,5.00,1093,5,11,12,38,0,22,1.10,45.5
Хасково,2020,26,август,15/08/2020,6.00,1093,6,11,27,38,0,22,2.47,54.5
Хасково,2020,26,септември,15/09/2020,7.00,1093,6,11,27,38,0,22,2.47,54.5
Хасково,2020,26,октомври,15/10/2020,8.00,1093,7,11,46,38,0,22,4.21,63.6
Хасково,2020,26,ноември,15/11/2020,9.00,1093,8,11,163,38,10,22,14.91,72.7
Хасково,2020,26,декември,15/12/2020,10.00,1093,8,11,285,38,30,22,26.08,72.7
Хасково,2021,26,януари,15/01/2021,11.00,1093,8,11,324,38,26,22,29.64,72.7
Хасково,2021,26,февруари,15/02/2021,12.00,1093,9,11,316,38,26,22,28.91,81.8
Хасково,2021,26,март,15/03/2021,13.00,1093,9,11,224,38,26,22,20.49,81.8
Хасково,2021,26,април,15/04/2021,14.00,1093,9,11,351,38,26,22,32.11,81.8
Хасково,2021,26,май,15/05/2021,15.00,1093,9,11,179,38,19,22,16.38,81.8
Хасково,2021,26,юни,15/06/2021,16.00,1093,9,11,95,38,8,22,8.69,81.8
Хасково,2021,26,юли,15/07/2021,17.00,1093,9,11,78,38,6,22,7.14,81.8
Хасково,2021,26,август,15/08/2021,18.00,1093,9,11,173,38,13,22,15.83,81.8
Хасково,2021,26,септември,15/09/2021,19.00,1093,9,11,235,38,23,22,21.50,81.8
Хасково,2021,26,октомври,15/10/2021,20.00,1093,9,11,264,38,28,22,24.15,81.8
Хасково,2021,26,ноември,15/11/2021,21.00,1093,9,11,279,38,30,22,25.53,81.8
Хасково,2021,26,декември,15/12/2021,22.00,1093,8,11,279,38,30,22,25.53,72.7
Хасково,2022,26,февруари,15/02/2021,24.00,1093,8,11,283,38,34,22,25.89,72.7
Хасково,2022,26,януари,15/01/2022,23.00,1093,8,11,279,38,30,22,25.53,72.7
Шумен,2020,27,март,15/03/2020,1.00,762,0,5,0,28,0,20,0.00,0.0
Шумен,2020,27,април,15/04/2020,2.00,762,0,5,0,28,0,20,0.00,0.0
Шумен,2020,27,май,15/05/2020,3.00,762,0,5,0,28,0,20,0.00,0.0
Шумен,2020,27,юни,15/06/2020,4.00,762,0,5,0,28,0,20,0.00,0.0
Шумен,2020,27,юли,15/07/2020,5.00,747,0,5,0,28,0,35,0.00,0.0
Шумен,2020,27,август,15/08/2020,6.00,747,0,5,0,28,0,35,0.00,0.0
Шумен,2020,27,септември,15/09/2020,7.00,747,0,5,0,28,0,35,0.00,0.0
Шумен,2020,27,октомври,15/10/2020,8.00,747,0,5,0,28,0,60,0.00,0.0
Шумен,2020,27,ноември,15/11/2020,9.00,747,3,5,213,26,4,65,28.51,60.0
Шумен,2020,27,декември,15/12/2020,10.00,747,3,5,235,26,8,65,31.46,60.0
Шумен,2021,27,януари,15/01/2021,11.00,741,3,5,238,30,8,60,32.12,60.0
Шумен,2021,27,февруари,15/02/2021,12.00,780,3,5,224,32,8,60,28.72,60.0
Шумен,2021,27,март,15/03/2021,13.00,775,3,5,241,32,8,60,31.10,60.0
Шумен,2021,27,април,15/04/2021,14.00,775,3,5,275,30,8,70,35.48,60.0
Шумен,2021,27,май,15/05/2021,15.00,741,3,5,143,28,4,45,19.30,60.0
Шумен,2021,27,юни,15/06/2021,16.00,741,3,5,79,28,4,35,10.66,60.0
Шумен,2021,27,юли,15/07/2021,17.00,741,2,5,73,28,4,35,9.85,40.0
Шумен,2021,27,август,15/08/2021,18.00,741,2,5,103,28,4,47,13.90,40.0
Шумен,2021,27,септември,15/09/2021,19.00,741,3,5,208,26,8,60,28.07,60.0
Шумен,2021,27,октомври,15/10/2021,20.00,741,2,5,188,28,8,60,25.37,40.0
Шумен,2021,27,ноември,15/11/2021,21.00,741,3,5,234,26,8,60,31.58,60.0
Шумен,2021,27,декември,15/12/2021,22.00,741,3,5,234,26,8,60,31.58,60.0
Шумен,2022,27,февруари,15/02/2021,24.00,721,3,5,199,28,8,60,27.60,60.0
Шумен,2022,27,януари,15/01/2022,23.00,721,3,5,198,28,8,60,27.46,60.0
Ямбол,2020,28,март,15/03/2020,1.00,452,1,4,10,23,0,10,2.21,25.0
Ямбол,2020,28,април,15/04/2020,2.00,452,1,4,10,23,0,10,2.21,25.0
Ямбол,2020,28,май,15/05/2020,3.00,452,1,4,10,23,0,10,2.21,25.0
Ямбол,2020,28,юни,15/06/2020,4.00,452,1,4,10,23,0,10,2.21,25.0
Ямбол,2020,28,юли,15/07/2020,5.00,452,1,4,10,23,0,10,2.21,25.0
Ямбол,2020,28,август,15/08/2020,6.00,452,1,4,10,23,0,10,2.21,25.0
Ямбол,2020,28,септември,15/09/2020,7.00,452,1,4,10,23,0,10,2.21,25.0
Ямбол,2020,28,октомври,15/10/2020,8.00,452,4,4,40,23,0,20,8.85,100.0
Ямбол,2020,28,ноември,15/11/2020,9.00,452,4,4,111,23,6,20,24.56,100.0
Ямбол,2020,28,декември,15/12/2020,10.00,452,3,4,121,23,11,20,26.77,75.0
Ямбол,2021,28,януари,15/01/2021,11.00,452,4,4,189,24,7,20,41.81,100.0
Ямбол,2021,28,февруари,15/02/2021,12.00,452,4,4,133,24,7,20,29.42,100.0
Ямбол,2021,28,март,15/03/2021,13.00,452,4,4,161,24,9,20,35.62,100.0
Ямбол,2021,28,април,15/04/2021,14.00,452,4,4,161,24,9,20,35.62,100.0
Ямбол,2021,28,май,15/05/2021,15.00,452,4,4,67,24,3,20,14.82,100.0
Ямбол,2021,28,юни,15/06/2021,16.00,452,4,4,61,24,6,20,13.50,100.0
Ямбол,2021,28,юли,15/07/2021,17.00,452,4,4,61,24,6,20,13.50,100.0
Ямбол,2021,28,август,15/08/2021,18.00,452,4,4,62,24,6,20,13.72,100.0
Ямбол,2021,28,септември,15/09/2021,19.00,452,4,4,134,24,10,20,29.65,100.0
Ямбол,2021,28,октомври,15/10/2021,20.00,452,4,4,166,24,8,20,36.73,100.0
Ямбол,2021,28,ноември,15/11/2021,21.00,452,4,4,159,24,8,22,35.18,100.0
Ямбол,2021,28,декември,15/12/2021,22.00,452,4,4,128,24,6,22,28.32,100.0
Ямбол,2022,28,февруари,15/02/2021,24.00,452,4,4,141,24,6,22,31.19,100.0
Ямбол,2022,28,януари,15/01/2022,23.00,452,4,4,132,24,6,22,29.20,100.0
